--
-- Current Database: `ace_world`
--

USE `ace_world`;

DELETE FROM spell WHERE id = 3813;
DELETE FROM spell WHERE id = 3814;
DELETE FROM spell WHERE id = 3815;

INSERT INTO `spell` (`id`, `name`, `description`, `school`, `icon_Id`, `category`, `bitfield`, `mana`, `range_Constant`, `range_Mod`, `power`, `economy_Mod`, `formula_Version`, `component_Loss`, `meta_Spell_Type`, `meta_Spell_Id`, `spell_Formula_Comp_1_Component_Id`, `spell_Formula_Comp_2_Component_Id`, `spell_Formula_Comp_3_Component_Id`, `spell_Formula_Comp_4_Component_Id`, `spell_Formula_Comp_5_Component_Id`, `spell_Formula_Comp_6_Component_Id`, `spell_Formula_Comp_7_Component_Id`, `spell_Formula_Comp_8_Component_Id`, `caster_Effect`, `target_Effect`, `fizzle_Effect`, `recovery_Interval`, `recovery_Amount`, `display_Order`, `non_Component_Target_Type`, `mana_Mod`, `position_Obj_Cell_ID`, `position_Origin_X`, `position_Origin_Y`, `position_Origin_Z`, `position_Angles_W`, `position_Angles_X`, `position_Angles_Y`, `position_Angles_Z`)
VALUES (3813, 'Free Ride to Shoushi', 'Transports the target to the specified destination.', 3 /* ItemEnchantment */, 100668290, 214, 128 /* NotResearchable_SpellIndex */, 50, 30, 0, 125, 1, 1, 0.25, 8 /* PortalSending_SpellType */, 3813, 3, 66, 110, 66, 72, 60, 0, 0, 0, 16, 0, 0, 0, 4294967295, 16, 0, 3663003677, 84.8, 99, 20, 1, 0, 0, 0)
	, (3814, 'Free Ride to Yaraq', 'Transports the target to the specified destination.', 3 /* ItemEnchantment */, 100668290, 214, 128 /* NotResearchable_SpellIndex */, 50, 30, 0, 125, 1, 1, 0.25, 8 /* PortalSending_SpellType */, 3814, 3, 66, 110, 66, 72, 60, 0, 0, 0, 16, 0, 0, 0, 4294967295, 16, 0, 2103705613, 31.9, 104.6, 11.9, 0.5771452, 0, 0, -0.8166416)
	, (3815, 'Free Ride to Holtburg', 'Transports the target to the specified destination.', 3 /* ItemEnchantment */, 100668290, 214, 128 /* NotResearchable_SpellIndex */, 50, 30, 0, 125, 1, 1, 0.25, 8 /* PortalSending_SpellType */, 3815, 3, 66, 110, 66, 72, 60, 0, 0, 0, 16, 0, 0, 0, 4294967295, 16, 0, 2847146009, 84, 7.1, 94, 0.9969173, 0, 0, -0.0784591);

REPLACE INTO `quest` (`name`, `min_Delta`, `max_Solves`, `message`)
VALUES ('AcademeyExitTokenGiven', 0, 1, 'Recived the Acadmey Exit Token');

/* Weenie - Academy Exit Token (29335) */
DELETE FROM weenie WHERE class_Id = 29335;

INSERT INTO `weenie` (`class_Id`, `class_Name`, `type`)
VALUES ('29335', 'tokentrainingexit', 38) /* Gem_WeenieType */;

INSERT INTO `weenie_properties_int` (`object_Id`, `type`, `value`)
VALUES (29335,   1,       2048) /* ItemType - Misc */
     , (29335,   5,          5) /* EncumbranceVal */
     , (29335,   8,          5) /* Mass */
     , (29335,   9,          0) /* ValidLocations - None */
     , (29335,  16,          1) /* ItemUseable - No */
     , (29335,  19,          0) /* Value */
     , (29335,  33,          1) /* Bonded - Normal */
     , (29335,  93,       1044) /* PhysicsState */
     , (29335, 114,          1) /* Attuned - Normal */;

INSERT INTO `weenie_properties_bool` (`object_Id`, `type`, `value`)
VALUES (29335,  22, True ) /* Inscribable */
     , (29335,  23, True ) /* DestroyOnSell */;

INSERT INTO `weenie_properties_string` (`object_Id`, `type`, `value`)
VALUES (29335,   1, 'Academy Exit Token') /* Name */
     , (29335,  15, 'Short description does not show up in game.') /* ShortDesc */
     , (29335,  16, 'Give this token to Jonathan if you wish to leave the Training Academy early. You will receive all items and experience points that you would otherwise have earned through completing your training. However, be warned that once you leave the Academy, you can never return!') /* LongDesc */;

INSERT INTO `weenie_properties_d_i_d` (`object_Id`, `type`, `value`)
VALUES (29335,   1,   33554809) /* Setup */
     , (29335,   3,  536870932) /* SoundTable */
     , (29335,   8,  100671333) /* Icon */
     , (29335,  22,  872415275) /* PhysicsEffectTable */;

/* Weenie - Jonathan (29317) */
DELETE FROM weenie WHERE class_Id = 29317;

INSERT INTO `weenie` (`class_Id`, `class_Name`, `type`)
VALUES ('29317', 'academyguardexityaraq', 10) /* Creature */;

INSERT INTO `weenie_properties_int` (`object_Id`, `type`, `value`)
VALUES (29317,   1,         16) /* ItemType - Creature */
     , (29317,   2,         31) /* CreatureType - Human */
     , (29317,   3,          9) /* PaletteTemplate - Grey */
     , (29317,   6,         -1) /* ItemsCapacity */
     , (29317,   7,         -1) /* ContainersCapacity */
     , (29317,   8,        120) /* Mass */
     , (29317,  16,         32) /* ItemUseable - Remote */
     , (29317,  25,         9) /* Level */
     , (29317,  27,          0) /* ArmorType */
     , (29317,  93,    6292504) /* PhysicsState */
     , (29317,  95,          8) /* RadarBlipColor - Yellow */
     , (29317, 133,          4) /* ShowableOnRadar - ShowAlways */
     , (29317, 134,         16) /* PlayerKillerStatus - RubberGlue */
     , (29317, 146,        154) /* XpOverride */;

INSERT INTO `weenie_properties_bool` (`object_Id`, `type`, `value`)
VALUES (29317,   1, True ) /* Stuck */
     , (29317,   8, True ) /* AllowGive */
     , (29317,  12, True ) /* ReportCollisions */
     , (29317,  13, False) /* Ethereal */
     , (29317,  19, False) /* Attackable */
     , (29317,  41, True ) /* ReportCollisionsAsEnvironment */
     , (29317,  42, True ) /* AllowEdgeSlide */
     , (29317,  52, True ) /* AiImmobile */;

INSERT INTO `weenie_properties_float` (`object_Id`, `type`, `value`)
VALUES (29317,   3,    0.16) /* HealthRate */
     , (29317,   4,       5) /* StaminaRate */
     , (29317,   5,       1) /* ManaRate */
     , (29317,  12,       1) /* Shade */
     , (29317,  13,     0.9) /* ArmorModVsSlash */
     , (29317,  14,       1) /* ArmorModVsPierce */
     , (29317,  15,     1.1) /* ArmorModVsBludgeon */
     , (29317,  16,     0.4) /* ArmorModVsCold */
     , (29317,  17,     0.4) /* ArmorModVsFire */
     , (29317,  18,       1) /* ArmorModVsAcid */
     , (29317,  19,     0.6) /* ArmorModVsElectric */
     , (29317,  54,       3) /* UseRadius */
     , (29317,  64,       1) /* ResistSlash */
     , (29317,  65,       1) /* ResistPierce */
     , (29317,  66,       1) /* ResistBludgeon */
     , (29317,  67,       1) /* ResistFire */
     , (29317,  68,       1) /* ResistCold */
     , (29317,  69,       1) /* ResistAcid */
     , (29317,  70,       1) /* ResistElectric */
     , (29317,  71,       1) /* ResistHealthBoost */
     , (29317,  72,       1) /* ResistStaminaDrain */
     , (29317,  73,       1) /* ResistStaminaBoost */
     , (29317,  74,       1) /* ResistManaDrain */
     , (29317,  75,       1) /* ResistManaBoost */
     , (29317, 104,      10) /* ObviousRadarRange */
     , (29317, 125,       1) /* ResistHealthDrain */;

INSERT INTO `weenie_properties_string` (`object_Id`, `type`, `value`)
VALUES (29317,   1, 'Jonathan') /* Name */
     , (29317,   3, 'Male') /* Sex */
     , (29317,   4, 'Aluvian') /* HeritageGroup */
     , (29317,   5, 'Exploration Society Agent') /* Template */;

INSERT INTO `weenie_properties_d_i_d` (`object_Id`, `type`, `value`)
VALUES (29317,   1,   33554433) /* Setup */
     , (29317,   2,  150994945) /* MotionTable */
     , (29317,   3,  536870913) /* SoundTable */
     , (29317,   4,  805306368) /* CombatTable */
     , (29317,   6,   67108990) /* PaletteBase */
     , (29317,   7,  268435545) /* ClothingBase */
     , (29317,   8,  100667446) /* Icon */;

INSERT INTO `weenie_properties_attribute` (`object_Id`, `type`, `init_Level`, `level_From_C_P`, `c_P_Spent`)
VALUES (29317,   1,  90, 0, 0) /* Strength */
     , (29317,   2,  85, 0, 0) /* Endurance */
     , (29317,   3,  90, 0, 0) /* Quickness */
     , (29317,   4,  50, 0, 0) /* Coordination */
     , (29317,   5, 70, 0, 0) /* Focus */
     , (29317,   6, 60, 0, 0) /* Self */;

INSERT INTO `weenie_properties_attribute_2nd` (`object_Id`, `type`, `init_Level`, `level_From_C_P`, `c_P_Spent`, `current_Level`)
VALUES (29317,   1,    10, 0, 0, 53) /* MaxHealth */
     , (29317,   3,    10, 0, 0, 95) /* MaxStamina */
     , (29317,   5,    10, 0, 0, 70) /* MaxMana */;

INSERT INTO `weenie_properties_body_part` (`object_Id`, `key`, `d_Type`, `d_Val`, `d_Var`, `base_Armor`, `armor_Vs_Slash`, `armor_Vs_Pierce`, `armor_Vs_Bludgeon`, `armor_Vs_Cold`, `armor_Vs_Fire`, `armor_Vs_Acid`, `armor_Vs_Electric`, `armor_Vs_Nether`, `b_h`, `h_l_f`, `m_l_f`, `l_l_f`, `h_r_f`, `m_r_f`, `l_r_f`, `h_l_b`, `m_l_b`, `l_l_b`, `h_r_b`, `m_r_b`, `l_r_b`)
VALUES (29317,  0,  4,  0,    0,    0,    0,    0,    0,    0,    0,    0,    0,    0, 1, 0.33,    0,    0, 0.33,    0,    0, 0.33,    0,    0, 0.33,    0,    0) /* Head */
     , (29317,  1,  4,  0,    0,    0,    0,    0,    0,    0,    0,    0,    0,    0, 2, 0.44, 0.17,    0, 0.44, 0.17,    0, 0.44, 0.17,    0, 0.44, 0.17,    0) /* Chest */
     , (29317,  2,  4,  0,    0,    0,    0,    0,    0,    0,    0,    0,    0,    0, 3,    0, 0.17,    0,    0, 0.17,    0,    0, 0.17,    0,    0, 0.17,    0) /* Abdomen */
     , (29317,  3,  4,  0,    0,    0,    0,    0,    0,    0,    0,    0,    0,    0, 1, 0.23, 0.03,    0, 0.23, 0.03,    0, 0.23, 0.03,    0, 0.23, 0.03,    0) /* UpperArm */
     , (29317,  4,  4,  0,    0,    0,    0,    0,    0,    0,    0,    0,    0,    0, 2,    0,  0.3,    0,    0,  0.3,    0,    0,  0.3,    0,    0,  0.3,    0) /* LowerArm */
     , (29317,  5,  4,  2, 0.75,    0,    0,    0,    0,    0,    0,    0,    0,    0, 2,    0,  0.2,    0,    0,  0.2,    0,    0,  0.2,    0,    0,  0.2,    0) /* Hand */
     , (29317,  6,  4,  0,    0,    0,    0,    0,    0,    0,    0,    0,    0,    0, 3,    0, 0.13, 0.18,    0, 0.13, 0.18,    0, 0.13, 0.18,    0, 0.13, 0.18) /* UpperLeg */
     , (29317,  7,  4,  0,    0,    0,    0,    0,    0,    0,    0,    0,    0,    0, 3,    0,    0,  0.6,    0,    0,  0.6,    0,    0,  0.6,    0,    0,  0.6) /* LowerLeg */
     , (29317,  8,  4,  2, 0.75,    0,    0,    0,    0,    0,    0,    0,    0,    0, 3,    0,    0, 0.22,    0,    0, 0.22,    0,    0, 0.22,    0,    0, 0.22) /* Foot */;

INSERT INTO `weenie_properties_emote` (`object_Id`, `category`, `probability`, `weenie_Class_Id`, `style`, `substyle`, `quest`, `vendor_Type`, `min_Health`, `max_Health`)
VALUES (29317,  5 /* HeartBeat */,    0.001, NULL, 2147483709 /* Standing */, 1090519043 /* Motion_Ready */, NULL, NULL, NULL, NULL);

SET @parent_id = LAST_INSERT_ID();

INSERT INTO `weenie_properties_emote_action` (`emote_Id`, `order`, `type`, `delay`, `extent`, `motion`, `message`, `test_String`, `min`, `max`, `min_64`, `max_64`, `min_Dbl`, `max_Dbl`, `stat`, `display`, `amount`, `amount_64`, `hero_X_P_64`, `percent`, `spell_Id`, `wealth_Rating`, `treasure_Class`, `treasure_Type`, `p_Script`, `sound`, `destination_Type`, `weenie_Class_Id`, `stack_Size`, `palette`, `shade`, `try_To_Bond`, `obj_Cell_Id`, `origin_X`, `origin_Y`, `origin_Z`, `angles_W`, `angles_X`, `angles_Y`, `angles_Z`)
VALUES (@parent_id, 0, 8 /* Say */, 0, 100, NULL, 'Double-click on me to hear what I have to say.', NULL, NULL, NULL, NULL, NULL, NULL, NULL, NULL, NULL, NULL, NULL, NULL, NULL, NULL, NULL, NULL, NULL, NULL, NULL, NULL, NULL, NULL, NULL, NULL, NULL, NULL, NULL, NULL, NULL, NULL, NULL, NULL, NULL);

INSERT INTO `weenie_properties_emote` (`object_Id`, `category`, `probability`, `weenie_Class_Id`, `style`, `substyle`, `quest`, `vendor_Type`, `min_Health`, `max_Health`)
VALUES (29317,  6 /* Give */,      1, 29335 /* Academy Exit Token */, NULL, NULL, NULL, NULL, NULL, NULL);

SET @parent_id = LAST_INSERT_ID();

INSERT INTO `weenie_properties_emote_action` (`emote_Id`, `order`, `type`, `delay`, `extent`, `motion`, `message`, `test_String`, `min`, `max`, `min_64`, `max_64`, `min_Dbl`, `max_Dbl`, `stat`, `display`, `amount`, `amount_64`, `hero_X_P_64`, `percent`, `spell_Id`, `wealth_Rating`, `treasure_Class`, `treasure_Type`, `p_Script`, `sound`, `destination_Type`, `weenie_Class_Id`, `stack_Size`, `palette`, `shade`, `try_To_Bond`, `obj_Cell_Id`, `origin_X`, `origin_Y`, `origin_Z`, `angles_W`, `angles_X`, `angles_Y`, `angles_Z`)
VALUES (@parent_id,  0,   5 /* Motion */, 0, 1, 1090519043 /* Motion_Ready */, NULL, NULL, NULL, NULL, NULL, NULL, NULL, NULL, NULL, NULL, NULL, NULL, NULL, NULL, NULL, NULL, NULL, NULL, NULL, NULL, NULL, NULL, NULL, NULL, NULL, NULL, NULL, NULL, NULL, NULL, NULL, NULL, NULL, NULL)
     , (@parent_id,  1,  12 /* TurnToTarget */, 0, 1, NULL, NULL, NULL, NULL, NULL, NULL, NULL, NULL, NULL, NULL, NULL, NULL, NULL, NULL, NULL, NULL, NULL, NULL, NULL, NULL, NULL, NULL, NULL, NULL, NULL, NULL, NULL, NULL, NULL, NULL, NULL, NULL, NULL, NULL, NULL)
     , (@parent_id,  2,  10 /* Tell */, 0, 1, NULL, "Don't say I didn't warn you.", NULL, NULL, NULL, NULL, NULL, NULL, NULL, NULL, NULL, NULL, NULL, NULL, NULL, NULL, NULL, NULL, NULL, NULL, NULL, NULL, NULL, NULL, NULL, NULL, NULL, NULL, NULL, NULL, NULL, NULL, NULL, NULL, NULL)
     , (@parent_id,  3,  62 /* AwardNoShareXP */, 0, 1, NULL, NULL, NULL, NULL, NULL, NULL, NULL, NULL, NULL, NULL, NULL, NULL, 10249, 0, NULL, NULL, NULL, NULL, NULL, NULL, NULL, NULL, NULL, NULL, NULL, NULL, NULL, NULL, NULL, NULL, NULL, NULL, NULL, NULL, NULL)
     , (@parent_id,  4,   3 /* Give */, 0, 1, NULL, NULL, NULL, NULL, NULL, NULL, NULL, NULL, NULL, NULL, NULL, NULL, NULL, NULL, NULL, NULL, NULL, NULL, NULL, NULL, NULL, 0, 12711 /* Oil of Rendering */, 1, 0, 0, False, NULL, NULL, NULL, NULL, NULL, NULL, NULL, NULL)
     , (@parent_id,  5,   3 /* Give */, 0, 1, NULL, NULL, NULL, NULL, NULL, NULL, NULL, NULL, NULL, NULL, NULL, NULL, NULL, NULL, NULL, NULL, NULL, NULL, NULL, NULL, NULL, 0, 12711 /* Oil of Rendering */, 1, 0, 0, False, NULL, NULL, NULL, NULL, NULL, NULL, NULL, NULL)
     , (@parent_id,  6,   3 /* Give */, 0, 1, NULL, NULL, NULL, NULL, NULL, NULL, NULL, NULL, NULL, NULL, NULL, NULL, NULL, NULL, NULL, NULL, NULL, NULL, NULL, NULL, NULL, 0, 13210 /* Academy Coat */, 1, 0, 0, False, NULL, NULL, NULL, NULL, NULL, NULL, NULL, NULL)
     , (@parent_id,  7,  63 /* SetSanctuaryPosition */, 0, 1, NULL, NULL, NULL, NULL, NULL, NULL, NULL, NULL, NULL, NULL, NULL, NULL, NULL, NULL, NULL, NULL, NULL, NULL, NULL, NULL, NULL, NULL, NULL, NULL, NULL, NULL, NULL, 3127836726, 167.7, 129.5, 6.1, -0.6360782, 0, 0, -0.7716245)
     , (@parent_id,  8,  19 /* CastSpellInstant */, 0, 1, NULL, NULL, NULL, NULL, NULL, NULL, NULL, NULL, NULL, NULL, NULL, NULL, NULL, NULL, NULL, 3814 /* FreeRidetoYaraq_SpellID */, NULL, NULL, NULL, NULL, NULL, NULL, NULL, NULL, NULL, NULL, NULL, NULL, NULL, NULL, NULL, NULL, NULL, NULL, NULL);

INSERT INTO `weenie_properties_emote` (`object_Id`, `category`, `probability`, `weenie_Class_Id`, `style`, `substyle`, `quest`, `vendor_Type`, `min_Health`, `max_Health`)
VALUES (29317,  7 /* Use */,      1, NULL, NULL, NULL, NULL, NULL, NULL, NULL);

SET @parent_id = LAST_INSERT_ID();

INSERT INTO `weenie_properties_emote_action` (`emote_Id`, `order`, `type`, `delay`, `extent`, `motion`, `message`, `test_String`, `min`, `max`, `min_64`, `max_64`, `min_Dbl`, `max_Dbl`, `stat`, `display`, `amount`, `amount_64`, `hero_X_P_64`, `percent`, `spell_Id`, `wealth_Rating`, `treasure_Class`, `treasure_Type`, `p_Script`, `sound`, `destination_Type`, `weenie_Class_Id`, `stack_Size`, `palette`, `shade`, `try_To_Bond`, `obj_Cell_Id`, `origin_X`, `origin_Y`, `origin_Z`, `angles_W`, `angles_X`, `angles_Y`, `angles_Z`)
VALUES (@parent_id,  0,   5 /* Motion */, 0, 1, 1090519043 /* Ready */, NULL, NULL, NULL, NULL, NULL, NULL, NULL, NULL, NULL, NULL, NULL, NULL, NULL, NULL, NULL, NULL, NULL, NULL, NULL, NULL, NULL, NULL, NULL, NULL, NULL, NULL, NULL, NULL, NULL, NULL, NULL, NULL, NULL, NULL)
     , (@parent_id,  1,  12 /* TurnToTarget */, 0, 1, NULL, NULL, NULL, NULL, NULL, NULL, NULL, NULL, NULL, NULL, NULL, NULL, NULL, NULL, NULL, NULL, NULL, NULL, NULL, NULL, NULL, NULL, NULL, NULL, NULL, NULL, NULL, NULL, NULL, NULL, NULL, NULL, NULL, NULL, NULL)
     , (@parent_id,  2,  21 /* InqQuest */, 0, 1, NULL, 'AcademeyExitTokenGiven', NULL, NULL, NULL, NULL, NULL, NULL, NULL, NULL, NULL, NULL, NULL, NULL, NULL, NULL, NULL, NULL, NULL, NULL, NULL, NULL, NULL, NULL, NULL, NULL, NULL, NULL, NULL, NULL, NULL, NULL, NULL, NULL, NULL);

INSERT INTO `weenie_properties_emote` (`object_Id`, `category`, `probability`, `weenie_Class_Id`, `style`, `substyle`, `quest`, `vendor_Type`, `min_Health`, `max_Health`)
VALUES (29317,  12 /* QuestSuccess */,      1, NULL, NULL, NULL, 'AcademeyExitTokenGiven', NULL, NULL, NULL);

SET @parent_id = LAST_INSERT_ID();

INSERT INTO `weenie_properties_emote_action` (`emote_Id`, `order`, `type`, `delay`, `extent`, `motion`, `message`, `test_String`, `min`, `max`, `min_64`, `max_64`, `min_Dbl`, `max_Dbl`, `stat`, `display`, `amount`, `amount_64`, `hero_X_P_64`, `percent`, `spell_Id`, `wealth_Rating`, `treasure_Class`, `treasure_Type`, `p_Script`, `sound`, `destination_Type`, `weenie_Class_Id`, `stack_Size`, `palette`, `shade`, `try_To_Bond`, `obj_Cell_Id`, `origin_X`, `origin_Y`, `origin_Z`, `angles_W`, `angles_X`, `angles_Y`, `angles_Z`)
VALUES (@parent_id,  0,   76 /* InqOwnsItems */, 0, 1, NULL, 'Exit_Token', NULL, NULL, NULL, NULL, NULL, NULL, NULL, NULL, NULL, NULL, NULL, NULL, NULL, NULL, NULL, NULL, NULL, NULL, NULL, 0, 29335 /* Academy Exit Token */, 1, 0, 0, False, NULL, NULL, NULL, NULL, NULL, NULL, NULL, NULL);

INSERT INTO `weenie_properties_emote` (`object_Id`, `category`, `probability`, `weenie_Class_Id`, `style`, `substyle`, `quest`, `vendor_Type`, `min_Health`, `max_Health`)
VALUES (29317,  13 /* QuestFailure */,      1, NULL, NULL, NULL, 'AcademeyExitTokenGiven', NULL, NULL, NULL);

SET @parent_id = LAST_INSERT_ID();

INSERT INTO `weenie_properties_emote_action` (`emote_Id`, `order`, `type`, `delay`, `extent`, `motion`, `message`, `test_String`, `min`, `max`, `min_64`, `max_64`, `min_Dbl`, `max_Dbl`, `stat`, `display`, `amount`, `amount_64`, `hero_X_P_64`, `percent`, `spell_Id`, `wealth_Rating`, `treasure_Class`, `treasure_Type`, `p_Script`, `sound`, `destination_Type`, `weenie_Class_Id`, `stack_Size`, `palette`, `shade`, `try_To_Bond`, `obj_Cell_Id`, `origin_X`, `origin_Y`, `origin_Z`, `angles_W`, `angles_X`, `angles_Y`, `angles_Z`)
VALUES (@parent_id,  0,  10 /* Tell */, 1, 1, NULL, 'If you want to skip your training and leave the Academy early, give this token back to me.', NULL, NULL, NULL, NULL, NULL, NULL, NULL, NULL, NULL, NULL, NULL, NULL, NULL, NULL, NULL, NULL, NULL, NULL, NULL, NULL, NULL, NULL, NULL, NULL, NULL, NULL, NULL, NULL, NULL, NULL, NULL, NULL, NULL)
     , (@parent_id,  1,   3 /* Give */, 1, 1, NULL, NULL, NULL, NULL, NULL, NULL, NULL, NULL, NULL, NULL, NULL, NULL, NULL, NULL, NULL, NULL, NULL, NULL, NULL, NULL, NULL, 0, 29335 /* Academy Exit Token */, 1, 0, 0, False, NULL, NULL, NULL, NULL, NULL, NULL, NULL, NULL)
     , (@parent_id,  2,  10 /* Tell */, 1, 1, NULL, 'But beware, once you leave the Training Academy, you cannot come back!', NULL, NULL, NULL, NULL, NULL, NULL, NULL, NULL, NULL, NULL, NULL, NULL, NULL, NULL, NULL, NULL, NULL, NULL, NULL, NULL, NULL, NULL, NULL, NULL, NULL, NULL, NULL, NULL, NULL, NULL, NULL, NULL, NULL)
	 , (@parent_id,  3,  22 /* StampQuest */, 0, 1, NULL, 'AcademeyExitTokenGiven', NULL, NULL, NULL, NULL, NULL, NULL, NULL, NULL, NULL, NULL, NULL, NULL, NULL, NULL, NULL, NULL, NULL, NULL, NULL, NULL, NULL, NULL, NULL, NULL, NULL, NULL, NULL, NULL, NULL, NULL, NULL, NULL, NULL);

INSERT INTO `weenie_properties_emote` (`object_Id`, `category`, `probability`, `weenie_Class_Id`, `style`, `substyle`, `quest`, `vendor_Type`, `min_Health`, `max_Health`)
VALUES (29317,  22 /* TestSuccess */,      1, NULL, NULL, NULL, 'Exit_Token', NULL, NULL, NULL);

SET @parent_id = LAST_INSERT_ID();

INSERT INTO `weenie_properties_emote_action` (`emote_Id`, `order`, `type`, `delay`, `extent`, `motion`, `message`, `test_String`, `min`, `max`, `min_64`, `max_64`, `min_Dbl`, `max_Dbl`, `stat`, `display`, `amount`, `amount_64`, `hero_X_P_64`, `percent`, `spell_Id`, `wealth_Rating`, `treasure_Class`, `treasure_Type`, `p_Script`, `sound`, `destination_Type`, `weenie_Class_Id`, `stack_Size`, `palette`, `shade`, `try_To_Bond`, `obj_Cell_Id`, `origin_X`, `origin_Y`, `origin_Z`, `angles_W`, `angles_X`, `angles_Y`, `angles_Z`)
VALUES (@parent_id,  0,  10 /* Tell */, 1, 1, NULL, "To skip your training, give the Academy Exit Token back to me. It's located in your inventory.", NULL, NULL, NULL, NULL, NULL, NULL, NULL, NULL, NULL, NULL, NULL, NULL, NULL, NULL, NULL, NULL, NULL, NULL, NULL, NULL, NULL, NULL, NULL, NULL, NULL, NULL, NULL, NULL, NULL, NULL, NULL, NULL, NULL);

INSERT INTO `weenie_properties_emote` (`object_Id`, `category`, `probability`, `weenie_Class_Id`, `style`, `substyle`, `quest`, `vendor_Type`, `min_Health`, `max_Health`)
VALUES (29317,  23 /* TestFailure */,      1, NULL, NULL, NULL, 'Exit_Token', NULL, NULL, NULL);

SET @parent_id = LAST_INSERT_ID();

INSERT INTO `weenie_properties_emote_action` (`emote_Id`, `order`, `type`, `delay`, `extent`, `motion`, `message`, `test_String`, `min`, `max`, `min_64`, `max_64`, `min_Dbl`, `max_Dbl`, `stat`, `display`, `amount`, `amount_64`, `hero_X_P_64`, `percent`, `spell_Id`, `wealth_Rating`, `treasure_Class`, `treasure_Type`, `p_Script`, `sound`, `destination_Type`, `weenie_Class_Id`, `stack_Size`, `palette`, `shade`, `try_To_Bond`, `obj_Cell_Id`, `origin_X`, `origin_Y`, `origin_Z`, `angles_W`, `angles_X`, `angles_Y`, `angles_Z`)
VALUES (@parent_id,  0,  10 /* Tell */, 1, 1, NULL, "Somehow you managed to lose your exit token, here's another. Take care not to lose this one!", NULL, NULL, NULL, NULL, NULL, NULL, NULL, NULL, NULL, NULL, NULL, NULL, NULL, NULL, NULL, NULL, NULL, NULL, NULL, NULL, NULL, NULL, NULL, NULL, NULL, NULL, NULL, NULL, NULL, NULL, NULL, NULL, NULL)
     , (@parent_id,  1,   3 /* Give */, 1, 1, NULL, NULL, NULL, NULL, NULL, NULL, NULL, NULL, NULL, NULL, NULL, NULL, NULL, NULL, NULL, NULL, NULL, NULL, NULL, NULL, NULL, 0, 29335 /* Academy Exit Token */, 1, 0, 0, False, NULL, NULL, NULL, NULL, NULL, NULL, NULL, NULL)
     , (@parent_id,  2,  10 /* Tell */, 1, 1, NULL, "If you want to skip your training and leave the Academy early, give this token back to me.", NULL, NULL, NULL, NULL, NULL, NULL, NULL, NULL, NULL, NULL, NULL, NULL, NULL, NULL, NULL, NULL, NULL, NULL, NULL, NULL, NULL, NULL, NULL, NULL, NULL, NULL, NULL, NULL, NULL, NULL, NULL, NULL, NULL)
	 , (@parent_id,  3,  10 /* Tell */, 1, 1, NULL, "But beware, once you leave the Training Academy, you cannot come back!", NULL, NULL, NULL, NULL, NULL, NULL, NULL, NULL, NULL, NULL, NULL, NULL, NULL, NULL, NULL, NULL, NULL, NULL, NULL, NULL, NULL, NULL, NULL, NULL, NULL, NULL, NULL, NULL, NULL, NULL, NULL, NULL, NULL);

INSERT INTO `weenie_properties_create_list` (`object_Id`, `destination_Type`, `weenie_Class_Id`, `stack_Size`, `palette`, `shade`, `try_To_Bond`)
VALUES (29317, 2,  12309,  0, 12, 0.0179, False) /* Create Society Explorer Hat for Wield_DestinationType */
     , (29317, 2,  12310,  0, 2, 0.0179, False) /* Create Explorer Society Robe for Wield_DestinationType */;

/* Weenie - Jonathan (29324) */
DELETE FROM weenie WHERE class_Id = 29324;

INSERT INTO `weenie` (`class_Id`, `class_Name`, `type`)
VALUES ('29324', 'academyguardexitholtburg', 10) /* Creature */;

INSERT INTO `weenie_properties_int` (`object_Id`, `type`, `value`)
VALUES (29324,   1,         16) /* ItemType - Creature */
     , (29324,   2,         31) /* CreatureType - Human */
     , (29324,   3,          9) /* PaletteTemplate - Grey */
     , (29324,   6,         -1) /* ItemsCapacity */
     , (29324,   7,         -1) /* ContainersCapacity */
     , (29324,   8,        120) /* Mass */
     , (29324,  16,         32) /* ItemUseable - Remote */
     , (29324,  25,         9) /* Level */
     , (29324,  27,          0) /* ArmorType */
     , (29324,  93,    6292504) /* PhysicsState */
     , (29324,  95,          8) /* RadarBlipColor - Yellow */
     , (29324, 133,          4) /* ShowableOnRadar - ShowAlways */
     , (29324, 134,         16) /* PlayerKillerStatus - RubberGlue */
     , (29324, 146,        154) /* XpOverride */;

INSERT INTO `weenie_properties_bool` (`object_Id`, `type`, `value`)
VALUES (29324,   1, True ) /* Stuck */
     , (29324,   8, True ) /* AllowGive */
     , (29324,  12, True ) /* ReportCollisions */
     , (29324,  13, False) /* Ethereal */
     , (29324,  19, False) /* Attackable */
     , (29324,  41, True ) /* ReportCollisionsAsEnvironment */
     , (29324,  42, True ) /* AllowEdgeSlide */
     , (29324,  52, True ) /* AiImmobile */;

INSERT INTO `weenie_properties_float` (`object_Id`, `type`, `value`)
VALUES (29324,   3,    0.16) /* HealthRate */
     , (29324,   4,       5) /* StaminaRate */
     , (29324,   5,       1) /* ManaRate */
     , (29324,  12,       1) /* Shade */
     , (29324,  13,     0.9) /* ArmorModVsSlash */
     , (29324,  14,       1) /* ArmorModVsPierce */
     , (29324,  15,     1.1) /* ArmorModVsBludgeon */
     , (29324,  16,     0.4) /* ArmorModVsCold */
     , (29324,  17,     0.4) /* ArmorModVsFire */
     , (29324,  18,       1) /* ArmorModVsAcid */
     , (29324,  19,     0.6) /* ArmorModVsElectric */
     , (29324,  54,       3) /* UseRadius */
     , (29324,  64,       1) /* ResistSlash */
     , (29324,  65,       1) /* ResistPierce */
     , (29324,  66,       1) /* ResistBludgeon */
     , (29324,  67,       1) /* ResistFire */
     , (29324,  68,       1) /* ResistCold */
     , (29324,  69,       1) /* ResistAcid */
     , (29324,  70,       1) /* ResistElectric */
     , (29324,  71,       1) /* ResistHealthBoost */
     , (29324,  72,       1) /* ResistStaminaDrain */
     , (29324,  73,       1) /* ResistStaminaBoost */
     , (29324,  74,       1) /* ResistManaDrain */
     , (29324,  75,       1) /* ResistManaBoost */
     , (29324, 104,      10) /* ObviousRadarRange */
     , (29324, 125,       1) /* ResistHealthDrain */;

INSERT INTO `weenie_properties_string` (`object_Id`, `type`, `value`)
VALUES (29324,   1, 'Jonathan') /* Name */
     , (29324,   3, 'Male') /* Sex */
     , (29324,   4, 'Aluvian') /* HeritageGroup */
     , (29324,   5, 'Exploration Society Agent') /* Template */;

INSERT INTO `weenie_properties_d_i_d` (`object_Id`, `type`, `value`)
VALUES (29324,   1,   33554433) /* Setup */
     , (29324,   2,  150994945) /* MotionTable */
     , (29324,   3,  536870913) /* SoundTable */
     , (29324,   4,  805306368) /* CombatTable */
     , (29324,   6,   67108990) /* PaletteBase */
     , (29324,   7,  268435545) /* ClothingBase */
     , (29324,   8,  100667446) /* Icon */;

INSERT INTO `weenie_properties_attribute` (`object_Id`, `type`, `init_Level`, `level_From_C_P`, `c_P_Spent`)
VALUES (29324,   1,  90, 0, 0) /* Strength */
     , (29324,   2,  85, 0, 0) /* Endurance */
     , (29324,   3,  90, 0, 0) /* Quickness */
     , (29324,   4,  50, 0, 0) /* Coordination */
     , (29324,   5, 70, 0, 0) /* Focus */
     , (29324,   6, 60, 0, 0) /* Self */;

INSERT INTO `weenie_properties_attribute_2nd` (`object_Id`, `type`, `init_Level`, `level_From_C_P`, `c_P_Spent`, `current_Level`)
VALUES (29324,   1,    10, 0, 0, 53) /* MaxHealth */
     , (29324,   3,    10, 0, 0, 95) /* MaxStamina */
     , (29324,   5,    10, 0, 0, 70) /* MaxMana */;

INSERT INTO `weenie_properties_body_part` (`object_Id`, `key`, `d_Type`, `d_Val`, `d_Var`, `base_Armor`, `armor_Vs_Slash`, `armor_Vs_Pierce`, `armor_Vs_Bludgeon`, `armor_Vs_Cold`, `armor_Vs_Fire`, `armor_Vs_Acid`, `armor_Vs_Electric`, `armor_Vs_Nether`, `b_h`, `h_l_f`, `m_l_f`, `l_l_f`, `h_r_f`, `m_r_f`, `l_r_f`, `h_l_b`, `m_l_b`, `l_l_b`, `h_r_b`, `m_r_b`, `l_r_b`)
VALUES (29324,  0,  4,  0,    0,    0,    0,    0,    0,    0,    0,    0,    0,    0, 1, 0.33,    0,    0, 0.33,    0,    0, 0.33,    0,    0, 0.33,    0,    0) /* Head */
     , (29324,  1,  4,  0,    0,    0,    0,    0,    0,    0,    0,    0,    0,    0, 2, 0.44, 0.17,    0, 0.44, 0.17,    0, 0.44, 0.17,    0, 0.44, 0.17,    0) /* Chest */
     , (29324,  2,  4,  0,    0,    0,    0,    0,    0,    0,    0,    0,    0,    0, 3,    0, 0.17,    0,    0, 0.17,    0,    0, 0.17,    0,    0, 0.17,    0) /* Abdomen */
     , (29324,  3,  4,  0,    0,    0,    0,    0,    0,    0,    0,    0,    0,    0, 1, 0.23, 0.03,    0, 0.23, 0.03,    0, 0.23, 0.03,    0, 0.23, 0.03,    0) /* UpperArm */
     , (29324,  4,  4,  0,    0,    0,    0,    0,    0,    0,    0,    0,    0,    0, 2,    0,  0.3,    0,    0,  0.3,    0,    0,  0.3,    0,    0,  0.3,    0) /* LowerArm */
     , (29324,  5,  4,  2, 0.75,    0,    0,    0,    0,    0,    0,    0,    0,    0, 2,    0,  0.2,    0,    0,  0.2,    0,    0,  0.2,    0,    0,  0.2,    0) /* Hand */
     , (29324,  6,  4,  0,    0,    0,    0,    0,    0,    0,    0,    0,    0,    0, 3,    0, 0.13, 0.18,    0, 0.13, 0.18,    0, 0.13, 0.18,    0, 0.13, 0.18) /* UpperLeg */
     , (29324,  7,  4,  0,    0,    0,    0,    0,    0,    0,    0,    0,    0,    0, 3,    0,    0,  0.6,    0,    0,  0.6,    0,    0,  0.6,    0,    0,  0.6) /* LowerLeg */
     , (29324,  8,  4,  2, 0.75,    0,    0,    0,    0,    0,    0,    0,    0,    0, 3,    0,    0, 0.22,    0,    0, 0.22,    0,    0, 0.22,    0,    0, 0.22) /* Foot */;

INSERT INTO `weenie_properties_emote` (`object_Id`, `category`, `probability`, `weenie_Class_Id`, `style`, `substyle`, `quest`, `vendor_Type`, `min_Health`, `max_Health`)
VALUES (29324,  5 /* HeartBeat */,    0.001, NULL, 2147483709 /* Standing */, 1090519043 /* Motion_Ready */, NULL, NULL, NULL, NULL);

SET @parent_id = LAST_INSERT_ID();

INSERT INTO `weenie_properties_emote_action` (`emote_Id`, `order`, `type`, `delay`, `extent`, `motion`, `message`, `test_String`, `min`, `max`, `min_64`, `max_64`, `min_Dbl`, `max_Dbl`, `stat`, `display`, `amount`, `amount_64`, `hero_X_P_64`, `percent`, `spell_Id`, `wealth_Rating`, `treasure_Class`, `treasure_Type`, `p_Script`, `sound`, `destination_Type`, `weenie_Class_Id`, `stack_Size`, `palette`, `shade`, `try_To_Bond`, `obj_Cell_Id`, `origin_X`, `origin_Y`, `origin_Z`, `angles_W`, `angles_X`, `angles_Y`, `angles_Z`)
VALUES (@parent_id, 0, 8 /* Say */, 0, 100, NULL, 'Double-click on me to hear what I have to say.', NULL, NULL, NULL, NULL, NULL, NULL, NULL, NULL, NULL, NULL, NULL, NULL, NULL, NULL, NULL, NULL, NULL, NULL, NULL, NULL, NULL, NULL, NULL, NULL, NULL, NULL, NULL, NULL, NULL, NULL, NULL, NULL, NULL);

INSERT INTO `weenie_properties_emote` (`object_Id`, `category`, `probability`, `weenie_Class_Id`, `style`, `substyle`, `quest`, `vendor_Type`, `min_Health`, `max_Health`)
VALUES (29324,  6 /* Give */,      1, 29335 /* Academy Exit Token */, NULL, NULL, NULL, NULL, NULL, NULL);

SET @parent_id = LAST_INSERT_ID();

INSERT INTO `weenie_properties_emote_action` (`emote_Id`, `order`, `type`, `delay`, `extent`, `motion`, `message`, `test_String`, `min`, `max`, `min_64`, `max_64`, `min_Dbl`, `max_Dbl`, `stat`, `display`, `amount`, `amount_64`, `hero_X_P_64`, `percent`, `spell_Id`, `wealth_Rating`, `treasure_Class`, `treasure_Type`, `p_Script`, `sound`, `destination_Type`, `weenie_Class_Id`, `stack_Size`, `palette`, `shade`, `try_To_Bond`, `obj_Cell_Id`, `origin_X`, `origin_Y`, `origin_Z`, `angles_W`, `angles_X`, `angles_Y`, `angles_Z`)
VALUES (@parent_id,  0,   5 /* Motion */, 0, 1, 1090519043 /* Motion_Ready */, NULL, NULL, NULL, NULL, NULL, NULL, NULL, NULL, NULL, NULL, NULL, NULL, NULL, NULL, NULL, NULL, NULL, NULL, NULL, NULL, NULL, NULL, NULL, NULL, NULL, NULL, NULL, NULL, NULL, NULL, NULL, NULL, NULL, NULL)
     , (@parent_id,  1,  12 /* TurnToTarget */, 0, 1, NULL, NULL, NULL, NULL, NULL, NULL, NULL, NULL, NULL, NULL, NULL, NULL, NULL, NULL, NULL, NULL, NULL, NULL, NULL, NULL, NULL, NULL, NULL, NULL, NULL, NULL, NULL, NULL, NULL, NULL, NULL, NULL, NULL, NULL, NULL)
     , (@parent_id,  2,  10 /* Tell */, 0, 1, NULL, "Don't say I didn't warn you.", NULL, NULL, NULL, NULL, NULL, NULL, NULL, NULL, NULL, NULL, NULL, NULL, NULL, NULL, NULL, NULL, NULL, NULL, NULL, NULL, NULL, NULL, NULL, NULL, NULL, NULL, NULL, NULL, NULL, NULL, NULL, NULL, NULL)
     , (@parent_id,  3,  62 /* AwardNoShareXP */, 0, 1, NULL, NULL, NULL, NULL, NULL, NULL, NULL, NULL, NULL, NULL, NULL, NULL, 10249, 0, NULL, NULL, NULL, NULL, NULL, NULL, NULL, NULL, NULL, NULL, NULL, NULL, NULL, NULL, NULL, NULL, NULL, NULL, NULL, NULL, NULL)
     , (@parent_id,  4,   3 /* Give */, 0, 1, NULL, NULL, NULL, NULL, NULL, NULL, NULL, NULL, NULL, NULL, NULL, NULL, NULL, NULL, NULL, NULL, NULL, NULL, NULL, NULL, NULL, 0, 12711 /* Oil of Rendering */, 1, 0, 0, False, NULL, NULL, NULL, NULL, NULL, NULL, NULL, NULL)
     , (@parent_id,  5,   3 /* Give */, 0, 1, NULL, NULL, NULL, NULL, NULL, NULL, NULL, NULL, NULL, NULL, NULL, NULL, NULL, NULL, NULL, NULL, NULL, NULL, NULL, NULL, NULL, 0, 12711 /* Oil of Rendering */, 1, 0, 0, False, NULL, NULL, NULL, NULL, NULL, NULL, NULL, NULL)
     , (@parent_id,  6,   3 /* Give */, 0, 1, NULL, NULL, NULL, NULL, NULL, NULL, NULL, NULL, NULL, NULL, NULL, NULL, NULL, NULL, NULL, NULL, NULL, NULL, NULL, NULL, NULL, 0, 13210 /* Academy Coat */, 1, 0, 0, False, NULL, NULL, NULL, NULL, NULL, NULL, NULL, NULL)
     , (@parent_id,  7,  63 /* SetSanctuaryPosition */, 0, 1, NULL, NULL, NULL, NULL, NULL, NULL, NULL, NULL, NULL, NULL, NULL, NULL, NULL, NULL, NULL, NULL, NULL, NULL, NULL, NULL, NULL, NULL, NULL, NULL, NULL, NULL, NULL, 3127836726, 167.7, 129.5, 6.1, -0.6360782, 0, 0, -0.7716245)
     , (@parent_id,  8,  19 /* CastSpellInstant */, 0, 1, NULL, NULL, NULL, NULL, NULL, NULL, NULL, NULL, NULL, NULL, NULL, NULL, NULL, NULL, NULL, 3815 /* FreeRidetoHoltburg_SpellID */, NULL, NULL, NULL, NULL, NULL, NULL, NULL, NULL, NULL, NULL, NULL, NULL, NULL, NULL, NULL, NULL, NULL, NULL, NULL);

INSERT INTO `weenie_properties_emote` (`object_Id`, `category`, `probability`, `weenie_Class_Id`, `style`, `substyle`, `quest`, `vendor_Type`, `min_Health`, `max_Health`)
VALUES (29324,  7 /* Use */,      1, NULL, NULL, NULL, NULL, NULL, NULL, NULL);

SET @parent_id = LAST_INSERT_ID();

INSERT INTO `weenie_properties_emote_action` (`emote_Id`, `order`, `type`, `delay`, `extent`, `motion`, `message`, `test_String`, `min`, `max`, `min_64`, `max_64`, `min_Dbl`, `max_Dbl`, `stat`, `display`, `amount`, `amount_64`, `hero_X_P_64`, `percent`, `spell_Id`, `wealth_Rating`, `treasure_Class`, `treasure_Type`, `p_Script`, `sound`, `destination_Type`, `weenie_Class_Id`, `stack_Size`, `palette`, `shade`, `try_To_Bond`, `obj_Cell_Id`, `origin_X`, `origin_Y`, `origin_Z`, `angles_W`, `angles_X`, `angles_Y`, `angles_Z`)
VALUES (@parent_id,  0,   5 /* Motion */, 0, 1, 1090519043 /* Ready */, NULL, NULL, NULL, NULL, NULL, NULL, NULL, NULL, NULL, NULL, NULL, NULL, NULL, NULL, NULL, NULL, NULL, NULL, NULL, NULL, NULL, NULL, NULL, NULL, NULL, NULL, NULL, NULL, NULL, NULL, NULL, NULL, NULL, NULL)
     , (@parent_id,  1,  12 /* TurnToTarget */, 0, 1, NULL, NULL, NULL, NULL, NULL, NULL, NULL, NULL, NULL, NULL, NULL, NULL, NULL, NULL, NULL, NULL, NULL, NULL, NULL, NULL, NULL, NULL, NULL, NULL, NULL, NULL, NULL, NULL, NULL, NULL, NULL, NULL, NULL, NULL, NULL)
     , (@parent_id,  2,  21 /* InqQuest */, 0, 1, NULL, 'AcademeyExitTokenGiven', NULL, NULL, NULL, NULL, NULL, NULL, NULL, NULL, NULL, NULL, NULL, NULL, NULL, NULL, NULL, NULL, NULL, NULL, NULL, NULL, NULL, NULL, NULL, NULL, NULL, NULL, NULL, NULL, NULL, NULL, NULL, NULL, NULL);

INSERT INTO `weenie_properties_emote` (`object_Id`, `category`, `probability`, `weenie_Class_Id`, `style`, `substyle`, `quest`, `vendor_Type`, `min_Health`, `max_Health`)
VALUES (29324,  12 /* QuestSuccess */,      1, NULL, NULL, NULL, 'AcademeyExitTokenGiven', NULL, NULL, NULL);

SET @parent_id = LAST_INSERT_ID();

INSERT INTO `weenie_properties_emote_action` (`emote_Id`, `order`, `type`, `delay`, `extent`, `motion`, `message`, `test_String`, `min`, `max`, `min_64`, `max_64`, `min_Dbl`, `max_Dbl`, `stat`, `display`, `amount`, `amount_64`, `hero_X_P_64`, `percent`, `spell_Id`, `wealth_Rating`, `treasure_Class`, `treasure_Type`, `p_Script`, `sound`, `destination_Type`, `weenie_Class_Id`, `stack_Size`, `palette`, `shade`, `try_To_Bond`, `obj_Cell_Id`, `origin_X`, `origin_Y`, `origin_Z`, `angles_W`, `angles_X`, `angles_Y`, `angles_Z`)
VALUES (@parent_id,  0,   76 /* InqOwnsItems */, 0, 1, NULL, 'Exit_Token', NULL, NULL, NULL, NULL, NULL, NULL, NULL, NULL, NULL, NULL, NULL, NULL, NULL, NULL, NULL, NULL, NULL, NULL, NULL, 0, 29335 /* Academy Exit Token */, 1, 0, 0, False, NULL, NULL, NULL, NULL, NULL, NULL, NULL, NULL);

INSERT INTO `weenie_properties_emote` (`object_Id`, `category`, `probability`, `weenie_Class_Id`, `style`, `substyle`, `quest`, `vendor_Type`, `min_Health`, `max_Health`)
VALUES (29324,  13 /* QuestFailure */,      1, NULL, NULL, NULL, 'AcademeyExitTokenGiven', NULL, NULL, NULL);

SET @parent_id = LAST_INSERT_ID();

INSERT INTO `weenie_properties_emote_action` (`emote_Id`, `order`, `type`, `delay`, `extent`, `motion`, `message`, `test_String`, `min`, `max`, `min_64`, `max_64`, `min_Dbl`, `max_Dbl`, `stat`, `display`, `amount`, `amount_64`, `hero_X_P_64`, `percent`, `spell_Id`, `wealth_Rating`, `treasure_Class`, `treasure_Type`, `p_Script`, `sound`, `destination_Type`, `weenie_Class_Id`, `stack_Size`, `palette`, `shade`, `try_To_Bond`, `obj_Cell_Id`, `origin_X`, `origin_Y`, `origin_Z`, `angles_W`, `angles_X`, `angles_Y`, `angles_Z`)
VALUES (@parent_id,  0,  10 /* Tell */, 1, 1, NULL, 'If you want to skip your training and leave the Academy early, give this token back to me.', NULL, NULL, NULL, NULL, NULL, NULL, NULL, NULL, NULL, NULL, NULL, NULL, NULL, NULL, NULL, NULL, NULL, NULL, NULL, NULL, NULL, NULL, NULL, NULL, NULL, NULL, NULL, NULL, NULL, NULL, NULL, NULL, NULL)
     , (@parent_id,  1,   3 /* Give */, 1, 1, NULL, NULL, NULL, NULL, NULL, NULL, NULL, NULL, NULL, NULL, NULL, NULL, NULL, NULL, NULL, NULL, NULL, NULL, NULL, NULL, NULL, 0, 29335 /* Academy Exit Token */, 1, 0, 0, False, NULL, NULL, NULL, NULL, NULL, NULL, NULL, NULL)
     , (@parent_id,  2,  10 /* Tell */, 1, 1, NULL, 'But beware, once you leave the Training Academy, you cannot come back!', NULL, NULL, NULL, NULL, NULL, NULL, NULL, NULL, NULL, NULL, NULL, NULL, NULL, NULL, NULL, NULL, NULL, NULL, NULL, NULL, NULL, NULL, NULL, NULL, NULL, NULL, NULL, NULL, NULL, NULL, NULL, NULL, NULL)
	 , (@parent_id,  3,  22 /* StampQuest */, 0, 1, NULL, 'AcademeyExitTokenGiven', NULL, NULL, NULL, NULL, NULL, NULL, NULL, NULL, NULL, NULL, NULL, NULL, NULL, NULL, NULL, NULL, NULL, NULL, NULL, NULL, NULL, NULL, NULL, NULL, NULL, NULL, NULL, NULL, NULL, NULL, NULL, NULL, NULL);

INSERT INTO `weenie_properties_emote` (`object_Id`, `category`, `probability`, `weenie_Class_Id`, `style`, `substyle`, `quest`, `vendor_Type`, `min_Health`, `max_Health`)
VALUES (29324,  22 /* TestSuccess */,      1, NULL, NULL, NULL, 'Exit_Token', NULL, NULL, NULL);

SET @parent_id = LAST_INSERT_ID();

INSERT INTO `weenie_properties_emote_action` (`emote_Id`, `order`, `type`, `delay`, `extent`, `motion`, `message`, `test_String`, `min`, `max`, `min_64`, `max_64`, `min_Dbl`, `max_Dbl`, `stat`, `display`, `amount`, `amount_64`, `hero_X_P_64`, `percent`, `spell_Id`, `wealth_Rating`, `treasure_Class`, `treasure_Type`, `p_Script`, `sound`, `destination_Type`, `weenie_Class_Id`, `stack_Size`, `palette`, `shade`, `try_To_Bond`, `obj_Cell_Id`, `origin_X`, `origin_Y`, `origin_Z`, `angles_W`, `angles_X`, `angles_Y`, `angles_Z`)
VALUES (@parent_id,  0,  10 /* Tell */, 1, 1, NULL, "To skip your training, give the Academy Exit Token back to me. It's located in your inventory.", NULL, NULL, NULL, NULL, NULL, NULL, NULL, NULL, NULL, NULL, NULL, NULL, NULL, NULL, NULL, NULL, NULL, NULL, NULL, NULL, NULL, NULL, NULL, NULL, NULL, NULL, NULL, NULL, NULL, NULL, NULL, NULL, NULL);

INSERT INTO `weenie_properties_emote` (`object_Id`, `category`, `probability`, `weenie_Class_Id`, `style`, `substyle`, `quest`, `vendor_Type`, `min_Health`, `max_Health`)
VALUES (29324,  23 /* TestFailure */,      1, NULL, NULL, NULL, 'Exit_Token', NULL, NULL, NULL);

SET @parent_id = LAST_INSERT_ID();

INSERT INTO `weenie_properties_emote_action` (`emote_Id`, `order`, `type`, `delay`, `extent`, `motion`, `message`, `test_String`, `min`, `max`, `min_64`, `max_64`, `min_Dbl`, `max_Dbl`, `stat`, `display`, `amount`, `amount_64`, `hero_X_P_64`, `percent`, `spell_Id`, `wealth_Rating`, `treasure_Class`, `treasure_Type`, `p_Script`, `sound`, `destination_Type`, `weenie_Class_Id`, `stack_Size`, `palette`, `shade`, `try_To_Bond`, `obj_Cell_Id`, `origin_X`, `origin_Y`, `origin_Z`, `angles_W`, `angles_X`, `angles_Y`, `angles_Z`)
VALUES (@parent_id,  0,  10 /* Tell */, 1, 1, NULL, "Somehow you managed to lose your exit token, here's another. Take care not to lose this one!", NULL, NULL, NULL, NULL, NULL, NULL, NULL, NULL, NULL, NULL, NULL, NULL, NULL, NULL, NULL, NULL, NULL, NULL, NULL, NULL, NULL, NULL, NULL, NULL, NULL, NULL, NULL, NULL, NULL, NULL, NULL, NULL, NULL)
     , (@parent_id,  1,   3 /* Give */, 1, 1, NULL, NULL, NULL, NULL, NULL, NULL, NULL, NULL, NULL, NULL, NULL, NULL, NULL, NULL, NULL, NULL, NULL, NULL, NULL, NULL, NULL, 0, 29335 /* Academy Exit Token */, 1, 0, 0, False, NULL, NULL, NULL, NULL, NULL, NULL, NULL, NULL)
     , (@parent_id,  2,  10 /* Tell */, 1, 1, NULL, "If you want to skip your training and leave the Academy early, give this token back to me.", NULL, NULL, NULL, NULL, NULL, NULL, NULL, NULL, NULL, NULL, NULL, NULL, NULL, NULL, NULL, NULL, NULL, NULL, NULL, NULL, NULL, NULL, NULL, NULL, NULL, NULL, NULL, NULL, NULL, NULL, NULL, NULL, NULL)
	 , (@parent_id,  3,  10 /* Tell */, 1, 1, NULL, "But beware, once you leave the Training Academy, you cannot come back!", NULL, NULL, NULL, NULL, NULL, NULL, NULL, NULL, NULL, NULL, NULL, NULL, NULL, NULL, NULL, NULL, NULL, NULL, NULL, NULL, NULL, NULL, NULL, NULL, NULL, NULL, NULL, NULL, NULL, NULL, NULL, NULL, NULL);

INSERT INTO `weenie_properties_create_list` (`object_Id`, `destination_Type`, `weenie_Class_Id`, `stack_Size`, `palette`, `shade`, `try_To_Bond`)
VALUES (29324, 2,  12309,  0, 12, 0.0179, False) /* Create Society Explorer Hat for Wield_DestinationType */
     , (29324, 2,  12310,  0, 2, 0.0179, False) /* Create Explorer Society Robe for Wield_DestinationType */;

/* Weenie - Jonathan (29325) */
DELETE FROM weenie WHERE class_Id = 29325;

INSERT INTO `weenie` (`class_Id`, `class_Name`, `type`)
VALUES ('29325', 'academyguardexitsanamar', 10) /* Creature */;

INSERT INTO `weenie_properties_int` (`object_Id`, `type`, `value`)
VALUES (29325,   1,         16) /* ItemType - Creature */
     , (29325,   2,         31) /* CreatureType - Human */
     , (29325,   3,          9) /* PaletteTemplate - Grey */
     , (29325,   6,         -1) /* ItemsCapacity */
     , (29325,   7,         -1) /* ContainersCapacity */
     , (29325,   8,        120) /* Mass */
     , (29325,  16,         32) /* ItemUseable - Remote */
     , (29325,  25,         9) /* Level */
     , (29325,  27,          0) /* ArmorType */
     , (29325,  93,    6292504) /* PhysicsState */
     , (29325,  95,          8) /* RadarBlipColor - Yellow */
     , (29325, 133,          4) /* ShowableOnRadar - ShowAlways */
     , (29325, 134,         16) /* PlayerKillerStatus - RubberGlue */
     , (29325, 146,        154) /* XpOverride */;

INSERT INTO `weenie_properties_bool` (`object_Id`, `type`, `value`)
VALUES (29325,   1, True ) /* Stuck */
     , (29325,   8, True ) /* AllowGive */
     , (29325,  12, True ) /* ReportCollisions */
     , (29325,  13, False) /* Ethereal */
     , (29325,  19, False) /* Attackable */
     , (29325,  41, True ) /* ReportCollisionsAsEnvironment */
     , (29325,  42, True ) /* AllowEdgeSlide */
     , (29325,  52, True ) /* AiImmobile */;

INSERT INTO `weenie_properties_float` (`object_Id`, `type`, `value`)
VALUES (29325,   3,    0.16) /* HealthRate */
     , (29325,   4,       5) /* StaminaRate */
     , (29325,   5,       1) /* ManaRate */
     , (29325,  12,       1) /* Shade */
     , (29325,  13,     0.9) /* ArmorModVsSlash */
     , (29325,  14,       1) /* ArmorModVsPierce */
     , (29325,  15,     1.1) /* ArmorModVsBludgeon */
     , (29325,  16,     0.4) /* ArmorModVsCold */
     , (29325,  17,     0.4) /* ArmorModVsFire */
     , (29325,  18,       1) /* ArmorModVsAcid */
     , (29325,  19,     0.6) /* ArmorModVsElectric */
     , (29325,  54,       3) /* UseRadius */
     , (29325,  64,       1) /* ResistSlash */
     , (29325,  65,       1) /* ResistPierce */
     , (29325,  66,       1) /* ResistBludgeon */
     , (29325,  67,       1) /* ResistFire */
     , (29325,  68,       1) /* ResistCold */
     , (29325,  69,       1) /* ResistAcid */
     , (29325,  70,       1) /* ResistElectric */
     , (29325,  71,       1) /* ResistHealthBoost */
     , (29325,  72,       1) /* ResistStaminaDrain */
     , (29325,  73,       1) /* ResistStaminaBoost */
     , (29325,  74,       1) /* ResistManaDrain */
     , (29325,  75,       1) /* ResistManaBoost */
     , (29325, 104,      10) /* ObviousRadarRange */
     , (29325, 125,       1) /* ResistHealthDrain */;

INSERT INTO `weenie_properties_string` (`object_Id`, `type`, `value`)
VALUES (29325,   1, 'Jonathan') /* Name */
     , (29325,   3, 'Male') /* Sex */
     , (29325,   4, 'Aluvian') /* HeritageGroup */
     , (29325,   5, 'Exploration Society Agent') /* Template */;

INSERT INTO `weenie_properties_d_i_d` (`object_Id`, `type`, `value`)
VALUES (29325,   1,   33554433) /* Setup */
     , (29325,   2,  150994945) /* MotionTable */
     , (29325,   3,  536870913) /* SoundTable */
     , (29325,   4,  805306368) /* CombatTable */
     , (29325,   6,   67108990) /* PaletteBase */
     , (29325,   7,  268435545) /* ClothingBase */
     , (29325,   8,  100667446) /* Icon */;

INSERT INTO `weenie_properties_attribute` (`object_Id`, `type`, `init_Level`, `level_From_C_P`, `c_P_Spent`)
VALUES (29325,   1,  90, 0, 0) /* Strength */
     , (29325,   2,  85, 0, 0) /* Endurance */
     , (29325,   3,  90, 0, 0) /* Quickness */
     , (29325,   4,  50, 0, 0) /* Coordination */
     , (29325,   5, 70, 0, 0) /* Focus */
     , (29325,   6, 60, 0, 0) /* Self */;

INSERT INTO `weenie_properties_attribute_2nd` (`object_Id`, `type`, `init_Level`, `level_From_C_P`, `c_P_Spent`, `current_Level`)
VALUES (29325,   1,    10, 0, 0, 53) /* MaxHealth */
     , (29325,   3,    10, 0, 0, 95) /* MaxStamina */
     , (29325,   5,    10, 0, 0, 70) /* MaxMana */;

INSERT INTO `weenie_properties_body_part` (`object_Id`, `key`, `d_Type`, `d_Val`, `d_Var`, `base_Armor`, `armor_Vs_Slash`, `armor_Vs_Pierce`, `armor_Vs_Bludgeon`, `armor_Vs_Cold`, `armor_Vs_Fire`, `armor_Vs_Acid`, `armor_Vs_Electric`, `armor_Vs_Nether`, `b_h`, `h_l_f`, `m_l_f`, `l_l_f`, `h_r_f`, `m_r_f`, `l_r_f`, `h_l_b`, `m_l_b`, `l_l_b`, `h_r_b`, `m_r_b`, `l_r_b`)
VALUES (29325,  0,  4,  0,    0,    0,    0,    0,    0,    0,    0,    0,    0,    0, 1, 0.33,    0,    0, 0.33,    0,    0, 0.33,    0,    0, 0.33,    0,    0) /* Head */
     , (29325,  1,  4,  0,    0,    0,    0,    0,    0,    0,    0,    0,    0,    0, 2, 0.44, 0.17,    0, 0.44, 0.17,    0, 0.44, 0.17,    0, 0.44, 0.17,    0) /* Chest */
     , (29325,  2,  4,  0,    0,    0,    0,    0,    0,    0,    0,    0,    0,    0, 3,    0, 0.17,    0,    0, 0.17,    0,    0, 0.17,    0,    0, 0.17,    0) /* Abdomen */
     , (29325,  3,  4,  0,    0,    0,    0,    0,    0,    0,    0,    0,    0,    0, 1, 0.23, 0.03,    0, 0.23, 0.03,    0, 0.23, 0.03,    0, 0.23, 0.03,    0) /* UpperArm */
     , (29325,  4,  4,  0,    0,    0,    0,    0,    0,    0,    0,    0,    0,    0, 2,    0,  0.3,    0,    0,  0.3,    0,    0,  0.3,    0,    0,  0.3,    0) /* LowerArm */
     , (29325,  5,  4,  2, 0.75,    0,    0,    0,    0,    0,    0,    0,    0,    0, 2,    0,  0.2,    0,    0,  0.2,    0,    0,  0.2,    0,    0,  0.2,    0) /* Hand */
     , (29325,  6,  4,  0,    0,    0,    0,    0,    0,    0,    0,    0,    0,    0, 3,    0, 0.13, 0.18,    0, 0.13, 0.18,    0, 0.13, 0.18,    0, 0.13, 0.18) /* UpperLeg */
     , (29325,  7,  4,  0,    0,    0,    0,    0,    0,    0,    0,    0,    0,    0, 3,    0,    0,  0.6,    0,    0,  0.6,    0,    0,  0.6,    0,    0,  0.6) /* LowerLeg */
     , (29325,  8,  4,  2, 0.75,    0,    0,    0,    0,    0,    0,    0,    0,    0, 3,    0,    0, 0.22,    0,    0, 0.22,    0,    0, 0.22,    0,    0, 0.22) /* Foot */;

INSERT INTO `weenie_properties_emote` (`object_Id`, `category`, `probability`, `weenie_Class_Id`, `style`, `substyle`, `quest`, `vendor_Type`, `min_Health`, `max_Health`)
VALUES (29325,  5 /* HeartBeat */,    0.001, NULL, 2147483709 /* Standing */, 1090519043 /* Motion_Ready */, NULL, NULL, NULL, NULL);

SET @parent_id = LAST_INSERT_ID();

INSERT INTO `weenie_properties_emote_action` (`emote_Id`, `order`, `type`, `delay`, `extent`, `motion`, `message`, `test_String`, `min`, `max`, `min_64`, `max_64`, `min_Dbl`, `max_Dbl`, `stat`, `display`, `amount`, `amount_64`, `hero_X_P_64`, `percent`, `spell_Id`, `wealth_Rating`, `treasure_Class`, `treasure_Type`, `p_Script`, `sound`, `destination_Type`, `weenie_Class_Id`, `stack_Size`, `palette`, `shade`, `try_To_Bond`, `obj_Cell_Id`, `origin_X`, `origin_Y`, `origin_Z`, `angles_W`, `angles_X`, `angles_Y`, `angles_Z`)
VALUES (@parent_id, 0, 8 /* Say */, 0, 100, NULL, 'Double-click on me to hear what I have to say.', NULL, NULL, NULL, NULL, NULL, NULL, NULL, NULL, NULL, NULL, NULL, NULL, NULL, NULL, NULL, NULL, NULL, NULL, NULL, NULL, NULL, NULL, NULL, NULL, NULL, NULL, NULL, NULL, NULL, NULL, NULL, NULL, NULL);

INSERT INTO `weenie_properties_emote` (`object_Id`, `category`, `probability`, `weenie_Class_Id`, `style`, `substyle`, `quest`, `vendor_Type`, `min_Health`, `max_Health`)
VALUES (29325,  6 /* Give */,      1, 29335 /* Academy Exit Token */, NULL, NULL, NULL, NULL, NULL, NULL);

SET @parent_id = LAST_INSERT_ID();

INSERT INTO `weenie_properties_emote_action` (`emote_Id`, `order`, `type`, `delay`, `extent`, `motion`, `message`, `test_String`, `min`, `max`, `min_64`, `max_64`, `min_Dbl`, `max_Dbl`, `stat`, `display`, `amount`, `amount_64`, `hero_X_P_64`, `percent`, `spell_Id`, `wealth_Rating`, `treasure_Class`, `treasure_Type`, `p_Script`, `sound`, `destination_Type`, `weenie_Class_Id`, `stack_Size`, `palette`, `shade`, `try_To_Bond`, `obj_Cell_Id`, `origin_X`, `origin_Y`, `origin_Z`, `angles_W`, `angles_X`, `angles_Y`, `angles_Z`)
VALUES (@parent_id,  0,   5 /* Motion */, 0, 1, 1090519043 /* Motion_Ready */, NULL, NULL, NULL, NULL, NULL, NULL, NULL, NULL, NULL, NULL, NULL, NULL, NULL, NULL, NULL, NULL, NULL, NULL, NULL, NULL, NULL, NULL, NULL, NULL, NULL, NULL, NULL, NULL, NULL, NULL, NULL, NULL, NULL, NULL)
     , (@parent_id,  1,  12 /* TurnToTarget */, 0, 1, NULL, NULL, NULL, NULL, NULL, NULL, NULL, NULL, NULL, NULL, NULL, NULL, NULL, NULL, NULL, NULL, NULL, NULL, NULL, NULL, NULL, NULL, NULL, NULL, NULL, NULL, NULL, NULL, NULL, NULL, NULL, NULL, NULL, NULL, NULL)
     , (@parent_id,  2,  10 /* Tell */, 0, 1, NULL, "Don't say I didn't warn you.", NULL, NULL, NULL, NULL, NULL, NULL, NULL, NULL, NULL, NULL, NULL, NULL, NULL, NULL, NULL, NULL, NULL, NULL, NULL, NULL, NULL, NULL, NULL, NULL, NULL, NULL, NULL, NULL, NULL, NULL, NULL, NULL, NULL)
     , (@parent_id,  3,  62 /* AwardNoShareXP */, 0, 1, NULL, NULL, NULL, NULL, NULL, NULL, NULL, NULL, NULL, NULL, NULL, NULL, 10249, 0, NULL, NULL, NULL, NULL, NULL, NULL, NULL, NULL, NULL, NULL, NULL, NULL, NULL, NULL, NULL, NULL, NULL, NULL, NULL, NULL, NULL)
     , (@parent_id,  4,   3 /* Give */, 0, 1, NULL, NULL, NULL, NULL, NULL, NULL, NULL, NULL, NULL, NULL, NULL, NULL, NULL, NULL, NULL, NULL, NULL, NULL, NULL, NULL, NULL, 0, 12711 /* Oil of Rendering */, 1, 0, 0, False, NULL, NULL, NULL, NULL, NULL, NULL, NULL, NULL)
     , (@parent_id,  5,   3 /* Give */, 0, 1, NULL, NULL, NULL, NULL, NULL, NULL, NULL, NULL, NULL, NULL, NULL, NULL, NULL, NULL, NULL, NULL, NULL, NULL, NULL, NULL, NULL, 0, 12711 /* Oil of Rendering */, 1, 0, 0, False, NULL, NULL, NULL, NULL, NULL, NULL, NULL, NULL)
     , (@parent_id,  6,   3 /* Give */, 0, 1, NULL, NULL, NULL, NULL, NULL, NULL, NULL, NULL, NULL, NULL, NULL, NULL, NULL, NULL, NULL, NULL, NULL, NULL, NULL, NULL, NULL, 0, 13210 /* Academy Coat */, 1, 0, 0, False, NULL, NULL, NULL, NULL, NULL, NULL, NULL, NULL)
     , (@parent_id,  7,  63 /* SetSanctuaryPosition */, 0, 1, NULL, NULL, NULL, NULL, NULL, NULL, NULL, NULL, NULL, NULL, NULL, NULL, NULL, NULL, NULL, NULL, NULL, NULL, NULL, NULL, NULL, NULL, NULL, NULL, NULL, NULL, NULL, 3127836726, 167.7, 129.5, 6.1, -0.6360782, 0, 0, -0.7716245)
     , (@parent_id,  8,  19 /* CastSpellInstant */, 0, 1, NULL, NULL, NULL, NULL, NULL, NULL, NULL, NULL, NULL, NULL, NULL, NULL, NULL, NULL, NULL, 3535 /* FreeRidetoSanamar_SpellID */, NULL, NULL, NULL, NULL, NULL, NULL, NULL, NULL, NULL, NULL, NULL, NULL, NULL, NULL, NULL, NULL, NULL, NULL, NULL);

INSERT INTO `weenie_properties_emote` (`object_Id`, `category`, `probability`, `weenie_Class_Id`, `style`, `substyle`, `quest`, `vendor_Type`, `min_Health`, `max_Health`)
VALUES (29325,  7 /* Use */,      1, NULL, NULL, NULL, NULL, NULL, NULL, NULL);

SET @parent_id = LAST_INSERT_ID();

INSERT INTO `weenie_properties_emote_action` (`emote_Id`, `order`, `type`, `delay`, `extent`, `motion`, `message`, `test_String`, `min`, `max`, `min_64`, `max_64`, `min_Dbl`, `max_Dbl`, `stat`, `display`, `amount`, `amount_64`, `hero_X_P_64`, `percent`, `spell_Id`, `wealth_Rating`, `treasure_Class`, `treasure_Type`, `p_Script`, `sound`, `destination_Type`, `weenie_Class_Id`, `stack_Size`, `palette`, `shade`, `try_To_Bond`, `obj_Cell_Id`, `origin_X`, `origin_Y`, `origin_Z`, `angles_W`, `angles_X`, `angles_Y`, `angles_Z`)
VALUES (@parent_id,  0,   5 /* Motion */, 0, 1, 1090519043 /* Ready */, NULL, NULL, NULL, NULL, NULL, NULL, NULL, NULL, NULL, NULL, NULL, NULL, NULL, NULL, NULL, NULL, NULL, NULL, NULL, NULL, NULL, NULL, NULL, NULL, NULL, NULL, NULL, NULL, NULL, NULL, NULL, NULL, NULL, NULL)
     , (@parent_id,  1,  12 /* TurnToTarget */, 0, 1, NULL, NULL, NULL, NULL, NULL, NULL, NULL, NULL, NULL, NULL, NULL, NULL, NULL, NULL, NULL, NULL, NULL, NULL, NULL, NULL, NULL, NULL, NULL, NULL, NULL, NULL, NULL, NULL, NULL, NULL, NULL, NULL, NULL, NULL, NULL)
     , (@parent_id,  2,  21 /* InqQuest */, 0, 1, NULL, 'AcademeyExitTokenGiven', NULL, NULL, NULL, NULL, NULL, NULL, NULL, NULL, NULL, NULL, NULL, NULL, NULL, NULL, NULL, NULL, NULL, NULL, NULL, NULL, NULL, NULL, NULL, NULL, NULL, NULL, NULL, NULL, NULL, NULL, NULL, NULL, NULL);

INSERT INTO `weenie_properties_emote` (`object_Id`, `category`, `probability`, `weenie_Class_Id`, `style`, `substyle`, `quest`, `vendor_Type`, `min_Health`, `max_Health`)
VALUES (29325,  12 /* QuestSuccess */,      1, NULL, NULL, NULL, 'AcademeyExitTokenGiven', NULL, NULL, NULL);

SET @parent_id = LAST_INSERT_ID();

INSERT INTO `weenie_properties_emote_action` (`emote_Id`, `order`, `type`, `delay`, `extent`, `motion`, `message`, `test_String`, `min`, `max`, `min_64`, `max_64`, `min_Dbl`, `max_Dbl`, `stat`, `display`, `amount`, `amount_64`, `hero_X_P_64`, `percent`, `spell_Id`, `wealth_Rating`, `treasure_Class`, `treasure_Type`, `p_Script`, `sound`, `destination_Type`, `weenie_Class_Id`, `stack_Size`, `palette`, `shade`, `try_To_Bond`, `obj_Cell_Id`, `origin_X`, `origin_Y`, `origin_Z`, `angles_W`, `angles_X`, `angles_Y`, `angles_Z`)
VALUES (@parent_id,  0,   76 /* InqOwnsItems */, 0, 1, NULL, 'Exit_Token', NULL, NULL, NULL, NULL, NULL, NULL, NULL, NULL, NULL, NULL, NULL, NULL, NULL, NULL, NULL, NULL, NULL, NULL, NULL, 0, 29335 /* Academy Exit Token */, 1, 0, 0, False, NULL, NULL, NULL, NULL, NULL, NULL, NULL, NULL);

INSERT INTO `weenie_properties_emote` (`object_Id`, `category`, `probability`, `weenie_Class_Id`, `style`, `substyle`, `quest`, `vendor_Type`, `min_Health`, `max_Health`)
VALUES (29325,  13 /* QuestFailure */,      1, NULL, NULL, NULL, 'AcademeyExitTokenGiven', NULL, NULL, NULL);

SET @parent_id = LAST_INSERT_ID();

INSERT INTO `weenie_properties_emote_action` (`emote_Id`, `order`, `type`, `delay`, `extent`, `motion`, `message`, `test_String`, `min`, `max`, `min_64`, `max_64`, `min_Dbl`, `max_Dbl`, `stat`, `display`, `amount`, `amount_64`, `hero_X_P_64`, `percent`, `spell_Id`, `wealth_Rating`, `treasure_Class`, `treasure_Type`, `p_Script`, `sound`, `destination_Type`, `weenie_Class_Id`, `stack_Size`, `palette`, `shade`, `try_To_Bond`, `obj_Cell_Id`, `origin_X`, `origin_Y`, `origin_Z`, `angles_W`, `angles_X`, `angles_Y`, `angles_Z`)
VALUES (@parent_id,  0,  10 /* Tell */, 1, 1, NULL, 'If you want to skip your training and leave the Academy early, give this token back to me.', NULL, NULL, NULL, NULL, NULL, NULL, NULL, NULL, NULL, NULL, NULL, NULL, NULL, NULL, NULL, NULL, NULL, NULL, NULL, NULL, NULL, NULL, NULL, NULL, NULL, NULL, NULL, NULL, NULL, NULL, NULL, NULL, NULL)
     , (@parent_id,  1,   3 /* Give */, 1, 1, NULL, NULL, NULL, NULL, NULL, NULL, NULL, NULL, NULL, NULL, NULL, NULL, NULL, NULL, NULL, NULL, NULL, NULL, NULL, NULL, NULL, 0, 29335 /* Academy Exit Token */, 1, 0, 0, False, NULL, NULL, NULL, NULL, NULL, NULL, NULL, NULL)
     , (@parent_id,  2,  10 /* Tell */, 1, 1, NULL, 'But beware, once you leave the Training Academy, you cannot come back!', NULL, NULL, NULL, NULL, NULL, NULL, NULL, NULL, NULL, NULL, NULL, NULL, NULL, NULL, NULL, NULL, NULL, NULL, NULL, NULL, NULL, NULL, NULL, NULL, NULL, NULL, NULL, NULL, NULL, NULL, NULL, NULL, NULL)
	 , (@parent_id,  3,  22 /* StampQuest */, 0, 1, NULL, 'AcademeyExitTokenGiven', NULL, NULL, NULL, NULL, NULL, NULL, NULL, NULL, NULL, NULL, NULL, NULL, NULL, NULL, NULL, NULL, NULL, NULL, NULL, NULL, NULL, NULL, NULL, NULL, NULL, NULL, NULL, NULL, NULL, NULL, NULL, NULL, NULL);

INSERT INTO `weenie_properties_emote` (`object_Id`, `category`, `probability`, `weenie_Class_Id`, `style`, `substyle`, `quest`, `vendor_Type`, `min_Health`, `max_Health`)
VALUES (29325,  22 /* TestSuccess */,      1, NULL, NULL, NULL, 'Exit_Token', NULL, NULL, NULL);

SET @parent_id = LAST_INSERT_ID();

INSERT INTO `weenie_properties_emote_action` (`emote_Id`, `order`, `type`, `delay`, `extent`, `motion`, `message`, `test_String`, `min`, `max`, `min_64`, `max_64`, `min_Dbl`, `max_Dbl`, `stat`, `display`, `amount`, `amount_64`, `hero_X_P_64`, `percent`, `spell_Id`, `wealth_Rating`, `treasure_Class`, `treasure_Type`, `p_Script`, `sound`, `destination_Type`, `weenie_Class_Id`, `stack_Size`, `palette`, `shade`, `try_To_Bond`, `obj_Cell_Id`, `origin_X`, `origin_Y`, `origin_Z`, `angles_W`, `angles_X`, `angles_Y`, `angles_Z`)
VALUES (@parent_id,  0,  10 /* Tell */, 1, 1, NULL, "To skip your training, give the Academy Exit Token back to me. It's located in your inventory.", NULL, NULL, NULL, NULL, NULL, NULL, NULL, NULL, NULL, NULL, NULL, NULL, NULL, NULL, NULL, NULL, NULL, NULL, NULL, NULL, NULL, NULL, NULL, NULL, NULL, NULL, NULL, NULL, NULL, NULL, NULL, NULL, NULL);

INSERT INTO `weenie_properties_emote` (`object_Id`, `category`, `probability`, `weenie_Class_Id`, `style`, `substyle`, `quest`, `vendor_Type`, `min_Health`, `max_Health`)
VALUES (29325,  23 /* TestFailure */,      1, NULL, NULL, NULL, 'Exit_Token', NULL, NULL, NULL);

SET @parent_id = LAST_INSERT_ID();

INSERT INTO `weenie_properties_emote_action` (`emote_Id`, `order`, `type`, `delay`, `extent`, `motion`, `message`, `test_String`, `min`, `max`, `min_64`, `max_64`, `min_Dbl`, `max_Dbl`, `stat`, `display`, `amount`, `amount_64`, `hero_X_P_64`, `percent`, `spell_Id`, `wealth_Rating`, `treasure_Class`, `treasure_Type`, `p_Script`, `sound`, `destination_Type`, `weenie_Class_Id`, `stack_Size`, `palette`, `shade`, `try_To_Bond`, `obj_Cell_Id`, `origin_X`, `origin_Y`, `origin_Z`, `angles_W`, `angles_X`, `angles_Y`, `angles_Z`)
VALUES (@parent_id,  0,  10 /* Tell */, 1, 1, NULL, "Somehow you managed to lose your exit token, here's another. Take care not to lose this one!", NULL, NULL, NULL, NULL, NULL, NULL, NULL, NULL, NULL, NULL, NULL, NULL, NULL, NULL, NULL, NULL, NULL, NULL, NULL, NULL, NULL, NULL, NULL, NULL, NULL, NULL, NULL, NULL, NULL, NULL, NULL, NULL, NULL)
     , (@parent_id,  1,   3 /* Give */, 1, 1, NULL, NULL, NULL, NULL, NULL, NULL, NULL, NULL, NULL, NULL, NULL, NULL, NULL, NULL, NULL, NULL, NULL, NULL, NULL, NULL, NULL, 0, 29335 /* Academy Exit Token */, 1, 0, 0, False, NULL, NULL, NULL, NULL, NULL, NULL, NULL, NULL)
     , (@parent_id,  2,  10 /* Tell */, 1, 1, NULL, "If you want to skip your training and leave the Academy early, give this token back to me.", NULL, NULL, NULL, NULL, NULL, NULL, NULL, NULL, NULL, NULL, NULL, NULL, NULL, NULL, NULL, NULL, NULL, NULL, NULL, NULL, NULL, NULL, NULL, NULL, NULL, NULL, NULL, NULL, NULL, NULL, NULL, NULL, NULL)
	 , (@parent_id,  3,  10 /* Tell */, 1, 1, NULL, "But beware, once you leave the Training Academy, you cannot come back!", NULL, NULL, NULL, NULL, NULL, NULL, NULL, NULL, NULL, NULL, NULL, NULL, NULL, NULL, NULL, NULL, NULL, NULL, NULL, NULL, NULL, NULL, NULL, NULL, NULL, NULL, NULL, NULL, NULL, NULL, NULL, NULL, NULL);

INSERT INTO `weenie_properties_create_list` (`object_Id`, `destination_Type`, `weenie_Class_Id`, `stack_Size`, `palette`, `shade`, `try_To_Bond`)
VALUES (29325, 2,  12309,  0, 12, 0.0179, False) /* Create Society Explorer Hat for Wield_DestinationType */
     , (29325, 2,  12310,  0, 2, 0.0179, False) /* Create Explorer Society Robe for Wield_DestinationType */;

/* Weenie - Jonathan (29326) */
DELETE FROM weenie WHERE class_Id = 29326;

INSERT INTO `weenie` (`class_Id`, `class_Name`, `type`)
VALUES ('29326', 'academyguardexitshoushi', 10) /* Creature */;

INSERT INTO `weenie_properties_int` (`object_Id`, `type`, `value`)
VALUES (29326,   1,         16) /* ItemType - Creature */
     , (29326,   2,         31) /* CreatureType - Human */
     , (29326,   3,          9) /* PaletteTemplate - Grey */
     , (29326,   6,         -1) /* ItemsCapacity */
     , (29326,   7,         -1) /* ContainersCapacity */
     , (29326,   8,        120) /* Mass */
     , (29326,  16,         32) /* ItemUseable - Remote */
     , (29326,  25,         9) /* Level */
     , (29326,  27,          0) /* ArmorType */
     , (29326,  93,    6292504) /* PhysicsState */
     , (29326,  95,          8) /* RadarBlipColor - Yellow */
     , (29326, 133,          4) /* ShowableOnRadar - ShowAlways */
     , (29326, 134,         16) /* PlayerKillerStatus - RubberGlue */
     , (29326, 146,        154) /* XpOverride */;

INSERT INTO `weenie_properties_bool` (`object_Id`, `type`, `value`)
VALUES (29326,   1, True ) /* Stuck */
     , (29326,   8, True ) /* AllowGive */
     , (29326,  12, True ) /* ReportCollisions */
     , (29326,  13, False) /* Ethereal */
     , (29326,  19, False) /* Attackable */
     , (29326,  41, True ) /* ReportCollisionsAsEnvironment */
     , (29326,  42, True ) /* AllowEdgeSlide */
     , (29326,  52, True ) /* AiImmobile */;

INSERT INTO `weenie_properties_float` (`object_Id`, `type`, `value`)
VALUES (29326,   3,    0.16) /* HealthRate */
     , (29326,   4,       5) /* StaminaRate */
     , (29326,   5,       1) /* ManaRate */
     , (29326,  12,       1) /* Shade */
     , (29326,  13,     0.9) /* ArmorModVsSlash */
     , (29326,  14,       1) /* ArmorModVsPierce */
     , (29326,  15,     1.1) /* ArmorModVsBludgeon */
     , (29326,  16,     0.4) /* ArmorModVsCold */
     , (29326,  17,     0.4) /* ArmorModVsFire */
     , (29326,  18,       1) /* ArmorModVsAcid */
     , (29326,  19,     0.6) /* ArmorModVsElectric */
     , (29326,  54,       3) /* UseRadius */
     , (29326,  64,       1) /* ResistSlash */
     , (29326,  65,       1) /* ResistPierce */
     , (29326,  66,       1) /* ResistBludgeon */
     , (29326,  67,       1) /* ResistFire */
     , (29326,  68,       1) /* ResistCold */
     , (29326,  69,       1) /* ResistAcid */
     , (29326,  70,       1) /* ResistElectric */
     , (29326,  71,       1) /* ResistHealthBoost */
     , (29326,  72,       1) /* ResistStaminaDrain */
     , (29326,  73,       1) /* ResistStaminaBoost */
     , (29326,  74,       1) /* ResistManaDrain */
     , (29326,  75,       1) /* ResistManaBoost */
     , (29326, 104,      10) /* ObviousRadarRange */
     , (29326, 125,       1) /* ResistHealthDrain */;

INSERT INTO `weenie_properties_string` (`object_Id`, `type`, `value`)
VALUES (29326,   1, 'Jonathan') /* Name */
     , (29326,   3, 'Male') /* Sex */
     , (29326,   4, 'Aluvian') /* HeritageGroup */
     , (29326,   5, 'Exploration Society Agent') /* Template */;

INSERT INTO `weenie_properties_d_i_d` (`object_Id`, `type`, `value`)
VALUES (29326,   1,   33554433) /* Setup */
     , (29326,   2,  150994945) /* MotionTable */
     , (29326,   3,  536870913) /* SoundTable */
     , (29326,   4,  805306368) /* CombatTable */
     , (29326,   6,   67108990) /* PaletteBase */
     , (29326,   7,  268435545) /* ClothingBase */
     , (29326,   8,  100667446) /* Icon */;

INSERT INTO `weenie_properties_attribute` (`object_Id`, `type`, `init_Level`, `level_From_C_P`, `c_P_Spent`)
VALUES (29326,   1,  90, 0, 0) /* Strength */
     , (29326,   2,  85, 0, 0) /* Endurance */
     , (29326,   3,  90, 0, 0) /* Quickness */
     , (29326,   4,  50, 0, 0) /* Coordination */
     , (29326,   5, 70, 0, 0) /* Focus */
     , (29326,   6, 60, 0, 0) /* Self */;

INSERT INTO `weenie_properties_attribute_2nd` (`object_Id`, `type`, `init_Level`, `level_From_C_P`, `c_P_Spent`, `current_Level`)
VALUES (29326,   1,    10, 0, 0, 53) /* MaxHealth */
     , (29326,   3,    10, 0, 0, 95) /* MaxStamina */
     , (29326,   5,    10, 0, 0, 70) /* MaxMana */;

INSERT INTO `weenie_properties_body_part` (`object_Id`, `key`, `d_Type`, `d_Val`, `d_Var`, `base_Armor`, `armor_Vs_Slash`, `armor_Vs_Pierce`, `armor_Vs_Bludgeon`, `armor_Vs_Cold`, `armor_Vs_Fire`, `armor_Vs_Acid`, `armor_Vs_Electric`, `armor_Vs_Nether`, `b_h`, `h_l_f`, `m_l_f`, `l_l_f`, `h_r_f`, `m_r_f`, `l_r_f`, `h_l_b`, `m_l_b`, `l_l_b`, `h_r_b`, `m_r_b`, `l_r_b`)
VALUES (29326,  0,  4,  0,    0,    0,    0,    0,    0,    0,    0,    0,    0,    0, 1, 0.33,    0,    0, 0.33,    0,    0, 0.33,    0,    0, 0.33,    0,    0) /* Head */
     , (29326,  1,  4,  0,    0,    0,    0,    0,    0,    0,    0,    0,    0,    0, 2, 0.44, 0.17,    0, 0.44, 0.17,    0, 0.44, 0.17,    0, 0.44, 0.17,    0) /* Chest */
     , (29326,  2,  4,  0,    0,    0,    0,    0,    0,    0,    0,    0,    0,    0, 3,    0, 0.17,    0,    0, 0.17,    0,    0, 0.17,    0,    0, 0.17,    0) /* Abdomen */
     , (29326,  3,  4,  0,    0,    0,    0,    0,    0,    0,    0,    0,    0,    0, 1, 0.23, 0.03,    0, 0.23, 0.03,    0, 0.23, 0.03,    0, 0.23, 0.03,    0) /* UpperArm */
     , (29326,  4,  4,  0,    0,    0,    0,    0,    0,    0,    0,    0,    0,    0, 2,    0,  0.3,    0,    0,  0.3,    0,    0,  0.3,    0,    0,  0.3,    0) /* LowerArm */
     , (29326,  5,  4,  2, 0.75,    0,    0,    0,    0,    0,    0,    0,    0,    0, 2,    0,  0.2,    0,    0,  0.2,    0,    0,  0.2,    0,    0,  0.2,    0) /* Hand */
     , (29326,  6,  4,  0,    0,    0,    0,    0,    0,    0,    0,    0,    0,    0, 3,    0, 0.13, 0.18,    0, 0.13, 0.18,    0, 0.13, 0.18,    0, 0.13, 0.18) /* UpperLeg */
     , (29326,  7,  4,  0,    0,    0,    0,    0,    0,    0,    0,    0,    0,    0, 3,    0,    0,  0.6,    0,    0,  0.6,    0,    0,  0.6,    0,    0,  0.6) /* LowerLeg */
     , (29326,  8,  4,  2, 0.75,    0,    0,    0,    0,    0,    0,    0,    0,    0, 3,    0,    0, 0.22,    0,    0, 0.22,    0,    0, 0.22,    0,    0, 0.22) /* Foot */;

INSERT INTO `weenie_properties_emote` (`object_Id`, `category`, `probability`, `weenie_Class_Id`, `style`, `substyle`, `quest`, `vendor_Type`, `min_Health`, `max_Health`)
VALUES (29326,  5 /* HeartBeat */,    0.001, NULL, 2147483709 /* Standing */, 1090519043 /* Motion_Ready */, NULL, NULL, NULL, NULL);

SET @parent_id = LAST_INSERT_ID();

INSERT INTO `weenie_properties_emote_action` (`emote_Id`, `order`, `type`, `delay`, `extent`, `motion`, `message`, `test_String`, `min`, `max`, `min_64`, `max_64`, `min_Dbl`, `max_Dbl`, `stat`, `display`, `amount`, `amount_64`, `hero_X_P_64`, `percent`, `spell_Id`, `wealth_Rating`, `treasure_Class`, `treasure_Type`, `p_Script`, `sound`, `destination_Type`, `weenie_Class_Id`, `stack_Size`, `palette`, `shade`, `try_To_Bond`, `obj_Cell_Id`, `origin_X`, `origin_Y`, `origin_Z`, `angles_W`, `angles_X`, `angles_Y`, `angles_Z`)
VALUES (@parent_id, 0, 8 /* Say */, 0, 100, NULL, 'Double-click on me to hear what I have to say.', NULL, NULL, NULL, NULL, NULL, NULL, NULL, NULL, NULL, NULL, NULL, NULL, NULL, NULL, NULL, NULL, NULL, NULL, NULL, NULL, NULL, NULL, NULL, NULL, NULL, NULL, NULL, NULL, NULL, NULL, NULL, NULL, NULL);

INSERT INTO `weenie_properties_emote` (`object_Id`, `category`, `probability`, `weenie_Class_Id`, `style`, `substyle`, `quest`, `vendor_Type`, `min_Health`, `max_Health`)
VALUES (29326,  6 /* Give */,      1, 29335 /* Academy Exit Token */, NULL, NULL, NULL, NULL, NULL, NULL);

SET @parent_id = LAST_INSERT_ID();

INSERT INTO `weenie_properties_emote_action` (`emote_Id`, `order`, `type`, `delay`, `extent`, `motion`, `message`, `test_String`, `min`, `max`, `min_64`, `max_64`, `min_Dbl`, `max_Dbl`, `stat`, `display`, `amount`, `amount_64`, `hero_X_P_64`, `percent`, `spell_Id`, `wealth_Rating`, `treasure_Class`, `treasure_Type`, `p_Script`, `sound`, `destination_Type`, `weenie_Class_Id`, `stack_Size`, `palette`, `shade`, `try_To_Bond`, `obj_Cell_Id`, `origin_X`, `origin_Y`, `origin_Z`, `angles_W`, `angles_X`, `angles_Y`, `angles_Z`)
VALUES (@parent_id,  0,   5 /* Motion */, 0, 1, 1090519043 /* Motion_Ready */, NULL, NULL, NULL, NULL, NULL, NULL, NULL, NULL, NULL, NULL, NULL, NULL, NULL, NULL, NULL, NULL, NULL, NULL, NULL, NULL, NULL, NULL, NULL, NULL, NULL, NULL, NULL, NULL, NULL, NULL, NULL, NULL, NULL, NULL)
     , (@parent_id,  1,  12 /* TurnToTarget */, 0, 1, NULL, NULL, NULL, NULL, NULL, NULL, NULL, NULL, NULL, NULL, NULL, NULL, NULL, NULL, NULL, NULL, NULL, NULL, NULL, NULL, NULL, NULL, NULL, NULL, NULL, NULL, NULL, NULL, NULL, NULL, NULL, NULL, NULL, NULL, NULL)
     , (@parent_id,  2,  10 /* Tell */, 0, 1, NULL, "Don't say I didn't warn you.", NULL, NULL, NULL, NULL, NULL, NULL, NULL, NULL, NULL, NULL, NULL, NULL, NULL, NULL, NULL, NULL, NULL, NULL, NULL, NULL, NULL, NULL, NULL, NULL, NULL, NULL, NULL, NULL, NULL, NULL, NULL, NULL, NULL)
     , (@parent_id,  3,  62 /* AwardNoShareXP */, 0, 1, NULL, NULL, NULL, NULL, NULL, NULL, NULL, NULL, NULL, NULL, NULL, NULL, 10249, 0, NULL, NULL, NULL, NULL, NULL, NULL, NULL, NULL, NULL, NULL, NULL, NULL, NULL, NULL, NULL, NULL, NULL, NULL, NULL, NULL, NULL)
     , (@parent_id,  4,   3 /* Give */, 0, 1, NULL, NULL, NULL, NULL, NULL, NULL, NULL, NULL, NULL, NULL, NULL, NULL, NULL, NULL, NULL, NULL, NULL, NULL, NULL, NULL, NULL, 0, 12711 /* Oil of Rendering */, 1, 0, 0, False, NULL, NULL, NULL, NULL, NULL, NULL, NULL, NULL)
     , (@parent_id,  5,   3 /* Give */, 0, 1, NULL, NULL, NULL, NULL, NULL, NULL, NULL, NULL, NULL, NULL, NULL, NULL, NULL, NULL, NULL, NULL, NULL, NULL, NULL, NULL, NULL, 0, 12711 /* Oil of Rendering */, 1, 0, 0, False, NULL, NULL, NULL, NULL, NULL, NULL, NULL, NULL)
     , (@parent_id,  6,   3 /* Give */, 0, 1, NULL, NULL, NULL, NULL, NULL, NULL, NULL, NULL, NULL, NULL, NULL, NULL, NULL, NULL, NULL, NULL, NULL, NULL, NULL, NULL, NULL, 0, 13210 /* Academy Coat */, 1, 0, 0, False, NULL, NULL, NULL, NULL, NULL, NULL, NULL, NULL)
     , (@parent_id,  7,  63 /* SetSanctuaryPosition */, 0, 1, NULL, NULL, NULL, NULL, NULL, NULL, NULL, NULL, NULL, NULL, NULL, NULL, NULL, NULL, NULL, NULL, NULL, NULL, NULL, NULL, NULL, NULL, NULL, NULL, NULL, NULL, NULL, 3127836726, 167.7, 129.5, 6.1, -0.6360782, 0, 0, -0.7716245)
     , (@parent_id,  8,  19 /* CastSpellInstant */, 0, 1, NULL, NULL, NULL, NULL, NULL, NULL, NULL, NULL, NULL, NULL, NULL, NULL, NULL, NULL, NULL, 3813 /* FreeRidetoShoushi_SpellID */, NULL, NULL, NULL, NULL, NULL, NULL, NULL, NULL, NULL, NULL, NULL, NULL, NULL, NULL, NULL, NULL, NULL, NULL, NULL);

INSERT INTO `weenie_properties_emote` (`object_Id`, `category`, `probability`, `weenie_Class_Id`, `style`, `substyle`, `quest`, `vendor_Type`, `min_Health`, `max_Health`)
VALUES (29326,  7 /* Use */,      1, NULL, NULL, NULL, NULL, NULL, NULL, NULL);

SET @parent_id = LAST_INSERT_ID();

INSERT INTO `weenie_properties_emote_action` (`emote_Id`, `order`, `type`, `delay`, `extent`, `motion`, `message`, `test_String`, `min`, `max`, `min_64`, `max_64`, `min_Dbl`, `max_Dbl`, `stat`, `display`, `amount`, `amount_64`, `hero_X_P_64`, `percent`, `spell_Id`, `wealth_Rating`, `treasure_Class`, `treasure_Type`, `p_Script`, `sound`, `destination_Type`, `weenie_Class_Id`, `stack_Size`, `palette`, `shade`, `try_To_Bond`, `obj_Cell_Id`, `origin_X`, `origin_Y`, `origin_Z`, `angles_W`, `angles_X`, `angles_Y`, `angles_Z`)
VALUES (@parent_id,  0,   5 /* Motion */, 0, 1, 1090519043 /* Ready */, NULL, NULL, NULL, NULL, NULL, NULL, NULL, NULL, NULL, NULL, NULL, NULL, NULL, NULL, NULL, NULL, NULL, NULL, NULL, NULL, NULL, NULL, NULL, NULL, NULL, NULL, NULL, NULL, NULL, NULL, NULL, NULL, NULL, NULL)
     , (@parent_id,  1,  12 /* TurnToTarget */, 0, 1, NULL, NULL, NULL, NULL, NULL, NULL, NULL, NULL, NULL, NULL, NULL, NULL, NULL, NULL, NULL, NULL, NULL, NULL, NULL, NULL, NULL, NULL, NULL, NULL, NULL, NULL, NULL, NULL, NULL, NULL, NULL, NULL, NULL, NULL, NULL)
     , (@parent_id,  2,  21 /* InqQuest */, 0, 1, NULL, 'AcademeyExitTokenGiven', NULL, NULL, NULL, NULL, NULL, NULL, NULL, NULL, NULL, NULL, NULL, NULL, NULL, NULL, NULL, NULL, NULL, NULL, NULL, NULL, NULL, NULL, NULL, NULL, NULL, NULL, NULL, NULL, NULL, NULL, NULL, NULL, NULL);

INSERT INTO `weenie_properties_emote` (`object_Id`, `category`, `probability`, `weenie_Class_Id`, `style`, `substyle`, `quest`, `vendor_Type`, `min_Health`, `max_Health`)
VALUES (29326,  12 /* QuestSuccess */,      1, NULL, NULL, NULL, 'AcademeyExitTokenGiven', NULL, NULL, NULL);

SET @parent_id = LAST_INSERT_ID();

INSERT INTO `weenie_properties_emote_action` (`emote_Id`, `order`, `type`, `delay`, `extent`, `motion`, `message`, `test_String`, `min`, `max`, `min_64`, `max_64`, `min_Dbl`, `max_Dbl`, `stat`, `display`, `amount`, `amount_64`, `hero_X_P_64`, `percent`, `spell_Id`, `wealth_Rating`, `treasure_Class`, `treasure_Type`, `p_Script`, `sound`, `destination_Type`, `weenie_Class_Id`, `stack_Size`, `palette`, `shade`, `try_To_Bond`, `obj_Cell_Id`, `origin_X`, `origin_Y`, `origin_Z`, `angles_W`, `angles_X`, `angles_Y`, `angles_Z`)
VALUES (@parent_id,  0,   76 /* InqOwnsItems */, 0, 1, NULL, 'Exit_Token', NULL, NULL, NULL, NULL, NULL, NULL, NULL, NULL, NULL, NULL, NULL, NULL, NULL, NULL, NULL, NULL, NULL, NULL, NULL, 0, 29335 /* Academy Exit Token */, 1, 0, 0, False, NULL, NULL, NULL, NULL, NULL, NULL, NULL, NULL);

INSERT INTO `weenie_properties_emote` (`object_Id`, `category`, `probability`, `weenie_Class_Id`, `style`, `substyle`, `quest`, `vendor_Type`, `min_Health`, `max_Health`)
VALUES (29326,  13 /* QuestFailure */,      1, NULL, NULL, NULL, 'AcademeyExitTokenGiven', NULL, NULL, NULL);

SET @parent_id = LAST_INSERT_ID();

INSERT INTO `weenie_properties_emote_action` (`emote_Id`, `order`, `type`, `delay`, `extent`, `motion`, `message`, `test_String`, `min`, `max`, `min_64`, `max_64`, `min_Dbl`, `max_Dbl`, `stat`, `display`, `amount`, `amount_64`, `hero_X_P_64`, `percent`, `spell_Id`, `wealth_Rating`, `treasure_Class`, `treasure_Type`, `p_Script`, `sound`, `destination_Type`, `weenie_Class_Id`, `stack_Size`, `palette`, `shade`, `try_To_Bond`, `obj_Cell_Id`, `origin_X`, `origin_Y`, `origin_Z`, `angles_W`, `angles_X`, `angles_Y`, `angles_Z`)
VALUES (@parent_id,  0,  10 /* Tell */, 1, 1, NULL, 'If you want to skip your training and leave the Academy early, give this token back to me.', NULL, NULL, NULL, NULL, NULL, NULL, NULL, NULL, NULL, NULL, NULL, NULL, NULL, NULL, NULL, NULL, NULL, NULL, NULL, NULL, NULL, NULL, NULL, NULL, NULL, NULL, NULL, NULL, NULL, NULL, NULL, NULL, NULL)
     , (@parent_id,  1,   3 /* Give */, 1, 1, NULL, NULL, NULL, NULL, NULL, NULL, NULL, NULL, NULL, NULL, NULL, NULL, NULL, NULL, NULL, NULL, NULL, NULL, NULL, NULL, NULL, 0, 29335 /* Academy Exit Token */, 1, 0, 0, False, NULL, NULL, NULL, NULL, NULL, NULL, NULL, NULL)
     , (@parent_id,  2,  10 /* Tell */, 1, 1, NULL, 'But beware, once you leave the Training Academy, you cannot come back!', NULL, NULL, NULL, NULL, NULL, NULL, NULL, NULL, NULL, NULL, NULL, NULL, NULL, NULL, NULL, NULL, NULL, NULL, NULL, NULL, NULL, NULL, NULL, NULL, NULL, NULL, NULL, NULL, NULL, NULL, NULL, NULL, NULL)
	 , (@parent_id,  3,  22 /* StampQuest */, 0, 1, NULL, 'AcademeyExitTokenGiven', NULL, NULL, NULL, NULL, NULL, NULL, NULL, NULL, NULL, NULL, NULL, NULL, NULL, NULL, NULL, NULL, NULL, NULL, NULL, NULL, NULL, NULL, NULL, NULL, NULL, NULL, NULL, NULL, NULL, NULL, NULL, NULL, NULL);

INSERT INTO `weenie_properties_emote` (`object_Id`, `category`, `probability`, `weenie_Class_Id`, `style`, `substyle`, `quest`, `vendor_Type`, `min_Health`, `max_Health`)
VALUES (29326,  22 /* TestSuccess */,      1, NULL, NULL, NULL, 'Exit_Token', NULL, NULL, NULL);

SET @parent_id = LAST_INSERT_ID();

INSERT INTO `weenie_properties_emote_action` (`emote_Id`, `order`, `type`, `delay`, `extent`, `motion`, `message`, `test_String`, `min`, `max`, `min_64`, `max_64`, `min_Dbl`, `max_Dbl`, `stat`, `display`, `amount`, `amount_64`, `hero_X_P_64`, `percent`, `spell_Id`, `wealth_Rating`, `treasure_Class`, `treasure_Type`, `p_Script`, `sound`, `destination_Type`, `weenie_Class_Id`, `stack_Size`, `palette`, `shade`, `try_To_Bond`, `obj_Cell_Id`, `origin_X`, `origin_Y`, `origin_Z`, `angles_W`, `angles_X`, `angles_Y`, `angles_Z`)
VALUES (@parent_id,  0,  10 /* Tell */, 1, 1, NULL, "To skip your training, give the Academy Exit Token back to me. It's located in your inventory.", NULL, NULL, NULL, NULL, NULL, NULL, NULL, NULL, NULL, NULL, NULL, NULL, NULL, NULL, NULL, NULL, NULL, NULL, NULL, NULL, NULL, NULL, NULL, NULL, NULL, NULL, NULL, NULL, NULL, NULL, NULL, NULL, NULL);

INSERT INTO `weenie_properties_emote` (`object_Id`, `category`, `probability`, `weenie_Class_Id`, `style`, `substyle`, `quest`, `vendor_Type`, `min_Health`, `max_Health`)
VALUES (29326,  23 /* TestFailure */,      1, NULL, NULL, NULL, 'Exit_Token', NULL, NULL, NULL);

SET @parent_id = LAST_INSERT_ID();

INSERT INTO `weenie_properties_emote_action` (`emote_Id`, `order`, `type`, `delay`, `extent`, `motion`, `message`, `test_String`, `min`, `max`, `min_64`, `max_64`, `min_Dbl`, `max_Dbl`, `stat`, `display`, `amount`, `amount_64`, `hero_X_P_64`, `percent`, `spell_Id`, `wealth_Rating`, `treasure_Class`, `treasure_Type`, `p_Script`, `sound`, `destination_Type`, `weenie_Class_Id`, `stack_Size`, `palette`, `shade`, `try_To_Bond`, `obj_Cell_Id`, `origin_X`, `origin_Y`, `origin_Z`, `angles_W`, `angles_X`, `angles_Y`, `angles_Z`)
VALUES (@parent_id,  0,  10 /* Tell */, 1, 1, NULL, "Somehow you managed to lose your exit token, here's another. Take care not to lose this one!", NULL, NULL, NULL, NULL, NULL, NULL, NULL, NULL, NULL, NULL, NULL, NULL, NULL, NULL, NULL, NULL, NULL, NULL, NULL, NULL, NULL, NULL, NULL, NULL, NULL, NULL, NULL, NULL, NULL, NULL, NULL, NULL, NULL)
     , (@parent_id,  1,   3 /* Give */, 1, 1, NULL, NULL, NULL, NULL, NULL, NULL, NULL, NULL, NULL, NULL, NULL, NULL, NULL, NULL, NULL, NULL, NULL, NULL, NULL, NULL, NULL, 0, 29335 /* Academy Exit Token */, 1, 0, 0, False, NULL, NULL, NULL, NULL, NULL, NULL, NULL, NULL)
     , (@parent_id,  2,  10 /* Tell */, 1, 1, NULL, "If you want to skip your training and leave the Academy early, give this token back to me.", NULL, NULL, NULL, NULL, NULL, NULL, NULL, NULL, NULL, NULL, NULL, NULL, NULL, NULL, NULL, NULL, NULL, NULL, NULL, NULL, NULL, NULL, NULL, NULL, NULL, NULL, NULL, NULL, NULL, NULL, NULL, NULL, NULL)
	 , (@parent_id,  3,  10 /* Tell */, 1, 1, NULL, "But beware, once you leave the Training Academy, you cannot come back!", NULL, NULL, NULL, NULL, NULL, NULL, NULL, NULL, NULL, NULL, NULL, NULL, NULL, NULL, NULL, NULL, NULL, NULL, NULL, NULL, NULL, NULL, NULL, NULL, NULL, NULL, NULL, NULL, NULL, NULL, NULL, NULL, NULL);

INSERT INTO `weenie_properties_create_list` (`object_Id`, `destination_Type`, `weenie_Class_Id`, `stack_Size`, `palette`, `shade`, `try_To_Bond`)
VALUES (29326, 2,  12309,  0, 12, 0.0179, False) /* Create Society Explorer Hat for Wield_DestinationType */
     , (29326, 2,  12310,  0, 2, 0.0179, False) /* Create Explorer Society Robe for Wield_DestinationType */;

REPLACE INTO `landblock_instance` (`guid`, `weenie_Class_Id`, `obj_Cell_Id`, `origin_X`, `origin_Y`, `origin_Z`, `angles_W`, `angles_X`, `angles_Y`, `angles_Z`, `is_Link_Child`)
VALUES (3621790720, 29326, 2130903472, 22.1139, -19.142, 0.004999995, 0.254402, 0, 0, 0.967099,  False) /* Jonathan */
	,(3328421853, 29317, 2349072816, 22.1139, -19.142, 0.004999995, 0.254402, 0, 0, 0.967099,  False) /* Jonathan */
	,(3622213746, 29317, 2365718960, 22.1139, -19.142, 0.004999995, 0.254402, 0, 0, 0.967099,  False) /* Jonathan */
	,(3697781002, 29317, 2365784496, 22.1139, -19.142, 0.004999995, 0.254402, 0, 0, 0.967099,  False) /* Jonathan */
	,(2448450773, 29317, 2365850032, 22.1139, -19.142, 0.004999995, 0.254402, 0, 0, 0.967099,  False) /* Jonathan */
	,(2448624278, 29317, 2382496176, 22.1139, -19.142, 0.004999995, 0.254402, 0, 0, 0.967099,  False) /* Jonathan */
	,(3618920267, 29325, 1912734128, 22.1139, -19.142, 0.004999995, 0.254402, 0, 0, 0.967099,  False) /* Jonathan */
	,(2614290583, 29325, 1912799664, 22.1139, -19.142, 0.004999995, 0.254402, 0, 0, 0.967099,  False) /* Jonathan */
	,(2931911291, 29325, 1912865200, 22.1139, -19.142, 0.004999995, 0.254402, 0, 0, 0.967099,  False) /* Jonathan */
	,(3622338997, 29325, 1929511344, 22.1139, -19.142, 0.004999995, 0.254402, 0, 0, 0.967099,  False) /* Jonathan */
	,(2616332847, 29325, 1929576880, 22.1139, -19.142, 0.004999995, 0.254402, 0, 0, 0.967099,  False) /* Jonathan */
	,(2881020852, 29326, 2147615152, 22.1139, -19.142, 0.004999995, 0.254402, 0, 0, 0.967099,  False) /* Jonathan */
	,(3630239834, 29326, 2147680688, 22.1139, -19.142, 0.004999995, 0.254402, 0, 0, 0.967099,  False) /* Jonathan */
	,(3707416107, 29326, 2147746224, 22.1139, -19.142, 0.004999995, 0.254402, 0, 0, 0.967099,  False) /* Jonathan */
	,(3335848087, 29326, 2214724016, 22.1139, -19.142, 0.004999995, 0.254402, 0, 0, 0.967099,  False) /* Jonathan */
	,(3673108629, 29324, 2248278448, 22.1139, -19.142, 0.004999995, 0.254402, 0, 0, 0.967099,  False) /* Jonathan */
	,(3692406353, 29324, 2248343984, 22.1139, -19.142, 0.004999995, 0.254402, 0, 0, 0.967099,  False) /* Jonathan */
	,(2880212016, 29324, 2248409520, 22.1139, -19.142, 0.004999995, 0.254402, 0, 0, 0.967099,  False) /* Jonathan */
	,(3621959916, 29324, 2265055664, 22.1139, -19.142, 0.004999995, 0.254402, 0, 0, 0.967099,  False) /* Jonathan */
	,(3700627974, 29324, 2265121200, 22.1139, -19.142, 0.004999995, 0.254402, 0, 0, 0.967099,  False) /* Jonathan */;
