--
-- Current Database: `ace_world`
--
 
USE `ace_world`;
 
delete from weenie where class_Id=43173;

INSERT INTO `weenie` (`class_Id`, `class_Name`, `type`)
VALUES ('43173', 'packvoidessence', 1) /* Generic */;

INSERT INTO `weenie_properties_int` (`object_Id`, `type`, `value`)
VALUES (43173,   1,        128) /* ItemType - Misc */
     , (43173,   3,         13) /* PaletteTemplate - Purple */
     , (43173,   5,        400) /* EncumbranceVal */
     , (43173,   8,        200) /* Mass */
     , (43173,   9,          0) /* ValidLocations - None */
     , (43173,  16,         56) /* ItemUseable - ContainedViewedRemote */
     , (43173,  19,        500) /* Value */
     , (43173,  33,          1) /* Bonded - Bonded */
     , (43173,  93,       1044) /* PhysicsState - Ethereal, IgnoreCollisions, Gravity */
     , (43173, 114,          1) /* Attuned - Attuned */;

INSERT INTO `weenie_properties_bool` (`object_Id`, `type`, `value`)
VALUES (43173,  22, True ) /* Inscribable */
     , (43173,  23, True ) /* DestroyOnSell */
     , (43173,  69, False) /* IsSellable */
     , (43173,  81, True ) /* RequiresBackpackSlot */
     , (43173,  84, True ) /* IgnoreCloIcons */;

INSERT INTO `weenie_properties_float` (`object_Id`, `type`, `value`)
VALUES (43173,  39,    1.75) /* DefaultScale */;

INSERT INTO `weenie_properties_string` (`object_Id`, `type`, `value`)
VALUES (43173,   1, 'Foci of Shadow') /* Name */
     , (43173,  15, 'A foci used to cast spells from the School of the Shadow.') /* ShortDesc */;

INSERT INTO `weenie_properties_d_i_d` (`object_Id`, `type`, `value`)
VALUES (43173,   1,   33554769) /* Setup */
     , (43173,   3,  536870932) /* SoundTable */
     , (43173,   6,   67111927) /* PaletteBase */
     , (43173,   7,  268435867) /* ClothingBase */
     , (43173,   8,  100671332) /* Icon */
     , (43173,  22,  872415275) /* PhysicsEffectTable */
     , (43173,  50,  100691578) /* IconOverlay */;

delete from weenie where class_Id=43230;

INSERT INTO `weenie` (`class_Id`, `class_Name`, `type`)
VALUES ('43230', 'netherbolt', 33) /* ProjectileSpell */;

INSERT INTO `weenie_properties_int` (`object_Id`, `type`, `value`)
VALUES (43230,   8,         25) /* Mass */
     , (43230,   9,          0) /* ValidLocations - None */
     , (43230,  66,          0) /* CheckpointStatus */
     , (43230,  93,     133140) /* PhysicsState - Ethereal, IgnoreCollisions, LightingOn, Inelastic */;

INSERT INTO `weenie_properties_bool` (`object_Id`, `type`, `value`)
VALUES (43230,   1, True ) /* Stuck */
     , (43230,  14, False) /* GravityStatus */
     , (43230,  15, True ) /* LightsStatus */
     , (43230,  16, True ) /* ScriptedCollision */
     , (43230,  17, True ) /* Inelastic */
     , (43230,  24, True ) /* UiHidden */;

INSERT INTO `weenie_properties_float` (`object_Id`, `type`, `value`)
VALUES (43230,  26,      15) /* MaximumVelocity */
     , (43230,  78,       1) /* Friction */
     , (43230,  79,       0) /* Elasticity */;

INSERT INTO `weenie_properties_string` (`object_Id`, `type`, `value`)
VALUES (43230,   1, 'Nether Bolt') /* Name */;

INSERT INTO `weenie_properties_d_i_d` (`object_Id`, `type`, `value`)
VALUES (43230,   1,   33561128) /* Setup */
     , (43230,   3,  536871126) /* SoundTable */
     , (43230,   8,  100667494) /* Icon */
     , (43230,  22,  872415436) /* PhysicsEffectTable */
     , (43230,  28,       5349) /* Spell - Nether Bolt I */
     , (43230,  30,         90) /* PhysicsScript - ProjectileCollision */;

/* todo: find real wcid */
delete from weenie where class_Id=43231;

INSERT INTO `weenie` (`class_Id`, `class_Name`, `type`)
VALUES ('43231', 'netherstreak', 33) /* ProjectileSpell */;

INSERT INTO `weenie_properties_int` (`object_Id`, `type`, `value`)
VALUES (43231,   8,         25) /* Mass */
     , (43231,   9,          0) /* ValidLocations - None */
     , (43231,  66,          0) /* CheckpointStatus */
     , (43231,  93,     133140) /* PhysicsState - Ethereal, IgnoreCollisions, LightingOn, Inelastic */;

INSERT INTO `weenie_properties_bool` (`object_Id`, `type`, `value`)
VALUES (43231,   1, True ) /* Stuck */
     , (43231,  14, False) /* GravityStatus */
     , (43231,  15, True ) /* LightsStatus */
     , (43231,  16, True ) /* ScriptedCollision */
     , (43231,  17, True ) /* Inelastic */
     , (43231,  24, True ) /* UiHidden */;

INSERT INTO `weenie_properties_float` (`object_Id`, `type`, `value`)
VALUES (43231,  26,      45) /* MaximumVelocity */
     , (43231,  78,       1) /* Friction */
     , (43231,  79,       0) /* Elasticity */;

INSERT INTO `weenie_properties_string` (`object_Id`, `type`, `value`)
VALUES (43231,   1, 'Nether Streak') /* Name */;

INSERT INTO `weenie_properties_d_i_d` (`object_Id`, `type`, `value`)
VALUES (43231,   1,   33561128) /* Setup */
     , (43231,   3,  536871126) /* SoundTable */
     , (43231,   8,  100667494) /* Icon */
     , (43231,  22,  872415436) /* PhysicsEffectTable */
     , (43231,  28,       5357) /* Spell - Nether Streak I */
     , (43231,  30,         90) /* PhysicsScript - ProjectileCollision */;

/* todo: find real wcid */
delete from weenie where class_Id=43232;

INSERT INTO `weenie` (`class_Id`, `class_Name`, `type`)
VALUES ('43232', 'netherarc', 33) /* ProjectileSpell */;

INSERT INTO `weenie_properties_int` (`object_Id`, `type`, `value`)
VALUES (43232,   8,         25) /* Mass */
     , (43232,   9,          0) /* ValidLocations - None */
     , (43232,  66,          0) /* CheckpointStatus */
     , (43232,  93,     134164) /* PhysicsState - Ethereal, IgnoreCollisions, Gravity, LightingOn, Inelastic */;

INSERT INTO `weenie_properties_bool` (`object_Id`, `type`, `value`)
VALUES (43232,   1, True ) /* Stuck */
     , (43232,  14, True ) /* GravityStatus */
     , (43232,  15, True ) /* LightsStatus */
     , (43232,  16, True ) /* ScriptedCollision */
     , (43232,  17, True ) /* Inelastic */
     , (43232,  24, True ) /* UiHidden */;

INSERT INTO `weenie_properties_float` (`object_Id`, `type`, `value`)
VALUES (43232,  26,      40) /* MaximumVelocity */
     , (43232,  39,     0.5) /* DefaultScale */
     , (43232,  78,       1) /* Friction */
     , (43232,  79,       0) /* Elasticity */;

INSERT INTO `weenie_properties_string` (`object_Id`, `type`, `value`)
VALUES (43232,   1, 'Nether Arc') /* Name */;

INSERT INTO `weenie_properties_d_i_d` (`object_Id`, `type`, `value`)
VALUES (43232,   1,   33561128) /* Setup */
     , (43232,   3,  536871126) /* SoundTable */
     , (43232,   8,  100667494) /* Icon */
     , (43232,  22,  872415436) /* PhysicsEffectTable */
     , (43232,  28,       5369) /* Spell - Nether Arc I */
     , (43232,  30,         90) /* PhysicsScript - ProjectileCollision */;

delete from weenie where class_Id=43233;

INSERT INTO `weenie` (`class_Id`, `class_Name`, `type`)
VALUES ('43233', 'netherring', 33) /* ProjectileSpell */;

INSERT INTO `weenie_properties_int` (`object_Id`, `type`, `value`)
VALUES (43233,   8,         25) /* Mass */
     , (43233,   9,          0) /* ValidLocations - None */
     , (43233,  66,          0) /* CheckpointStatus */
     , (43233,  93,     133960) /* PhysicsState - ReportCollisions, Missile, AlignPath, PathClipped, LightingOn, Inelastic */;

INSERT INTO `weenie_properties_bool` (`object_Id`, `type`, `value`)
VALUES (43233,   1, True ) /* Stuck */
     , (43233,  14, False) /* GravityStatus */
     , (43233,  15, True ) /* LightsStatus */
     , (43233,  16, True ) /* ScriptedCollision */
     , (43233,  17, True ) /* Inelastic */
     , (43233,  24, True ) /* UiHidden */;

INSERT INTO `weenie_properties_float` (`object_Id`, `type`, `value`)
VALUES (43233,  26,       2) /* MaximumVelocity */
     , (43233,  78,       1) /* Friction */
     , (43233,  79,       0) /* Elasticity */;

INSERT INTO `weenie_properties_string` (`object_Id`, `type`, `value`)
VALUES (43233,   1, 'Nether Ring') /* Name */;

INSERT INTO `weenie_properties_d_i_d` (`object_Id`, `type`, `value`)
VALUES (43233,   1,   33561127) /* Setup */
     , (43233,   3,  536870968) /* SoundTable */
     , (43233,   8,  100667494) /* Icon */
     , (43233,  28,       5361) /* Spell - netherring */
     , (43233,  30,         90) /* PhysicsScript - ProjectileCollision */;

delete from weenie where class_Id=43344;

INSERT INTO `weenie` (`class_Id`, `class_Name`, `type`)
VALUES ('43344', 'netherdot', 33) /* ProjectileSpell */;

INSERT INTO `weenie_properties_int` (`object_Id`, `type`, `value`)
VALUES (43344,   8,         25) /* Mass */
     , (43344,   9,          0) /* ValidLocations - None */
     , (43344,  66,          0) /* CheckpointStatus */
     , (43344,  93,     133140) /* PhysicsState - Ethereal, IgnoreCollisions, LightingOn, Inelastic */;

INSERT INTO `weenie_properties_bool` (`object_Id`, `type`, `value`)
VALUES (43344,   1, True ) /* Stuck */
     , (43344,  14, False) /* GravityStatus */
     , (43344,  15, True ) /* LightsStatus */
     , (43344,  16, True ) /* ScriptedCollision */
     , (43344,  17, True ) /* Inelastic */
     , (43344,  24, True ) /* UiHidden */;

INSERT INTO `weenie_properties_float` (`object_Id`, `type`, `value`)
VALUES (43344,  26,      15) /* MaximumVelocity */
     , (43344,  78,       1) /* Friction */
     , (43344,  79,       0) /* Elasticity */;

INSERT INTO `weenie_properties_string` (`object_Id`, `type`, `value`)
VALUES (43344,   1, 'Nether Bolt') /* Name */;

INSERT INTO `weenie_properties_d_i_d` (`object_Id`, `type`, `value`)
VALUES (43344,   1,   33561129) /* Setup */
     , (43344,   3,  536871126) /* SoundTable */
     , (43344,   8,  100667494) /* Icon */
     , (43344,  22,  872415436) /* PhysicsEffectTable */
     , (43344,  28,       5387) /* Spell - Corrosion I */
     , (43344,  30,         90) /* PhysicsScript - ProjectileCollision */;

delete from ace_world.spell where id=5387;
insert into ace_world.spell set id=5387, name='Corrosion I', description="Sends a bolt of corrosion towards the target. The bolt does 76 points of damage over 15 seconds.", school=5, icon_Id=100691559, category=637, bitfield=65539, mana=5, range_Constant=30, range_Mod=0.7, power=1, economy_Mod=1, formula_Version=1, component_Loss=0, meta_Spell_Type=15, meta_Spell_Id=5387, spell_Formula_Comp_1_Component_Id=1, spell_Formula_Comp_2_Component_Id=70, spell_Formula_Comp_3_Component_Id=15, spell_Formula_Comp_4_Component_Id=197, spell_Formula_Comp_5_Component_Id=55, spell_Formula_Comp_6_Component_Id=0, spell_Formula_Comp_7_Component_Id=0, spell_Formula_Comp_8_Component_Id=0, caster_Effect=0, target_Effect=0, fizzle_Effect=0, recovery_Interval=0, recovery_Amount=0, display_Order=1782, non_Component_Target_Type=16, mana_Mod=0, duration=15, degrade_Modifier=0, degrade_Limit=0, portal_Lifetime=0, stat_Mod_Type=36868, stat_Mod_Key=330, stat_Mod_Val=76, e_Type=1024, base_Intensity=76, variance=0, wcid=43344, num_Projectiles=1;

delete from ace_world.spell where id=5388;
insert into ace_world.spell set id=5388, name='Corrosion II', description="Sends a bolt of corrosion towards the target. The bolt does 116 points of damage over 15 seconds.", school=5, icon_Id=100691559, category=637, bitfield=65539, mana=10, range_Constant=30, range_Mod=0.6, power=50, economy_Mod=1, formula_Version=1, component_Loss=1028443341, meta_Spell_Type=15, meta_Spell_Id=5388, spell_Formula_Comp_1_Component_Id=2, spell_Formula_Comp_2_Component_Id=70, spell_Formula_Comp_3_Component_Id=15, spell_Formula_Comp_4_Component_Id=197, spell_Formula_Comp_5_Component_Id=55, spell_Formula_Comp_6_Component_Id=0, spell_Formula_Comp_7_Component_Id=0, spell_Formula_Comp_8_Component_Id=0, caster_Effect=0, target_Effect=0, fizzle_Effect=0, recovery_Interval=0, recovery_Amount=0, display_Order=1784, non_Component_Target_Type=16, mana_Mod=0, duration=15, degrade_Modifier=0, degrade_Limit=0, portal_Lifetime=0, stat_Mod_Type=36868, stat_Mod_Key=330, stat_Mod_Val=116, e_Type=1024, base_Intensity=116, variance=0, wcid=43344, num_Projectiles=1;

delete from ace_world.spell where id=5389;
insert into ace_world.spell set id=5389, name='Corrosion III', description="Sends a bolt of corrosion towards the target. The bolt does 152 points of damage over 15 seconds.", school=5, icon_Id=100691559, category=637, bitfield=65539, mana=15, range_Constant=30, range_Mod=0.5, power=100, economy_Mod=1, formula_Version=1, component_Loss=1036831949, meta_Spell_Type=15, meta_Spell_Id=5389, spell_Formula_Comp_1_Component_Id=3, spell_Formula_Comp_2_Component_Id=70, spell_Formula_Comp_3_Component_Id=15, spell_Formula_Comp_4_Component_Id=197, spell_Formula_Comp_5_Component_Id=55, spell_Formula_Comp_6_Component_Id=0, spell_Formula_Comp_7_Component_Id=0, spell_Formula_Comp_8_Component_Id=0, caster_Effect=0, target_Effect=0, fizzle_Effect=0, recovery_Interval=0, recovery_Amount=0, display_Order=1786, non_Component_Target_Type=16, mana_Mod=0, duration=15, degrade_Modifier=0, degrade_Limit=0, portal_Lifetime=0, stat_Mod_Type=36868, stat_Mod_Key=330, stat_Mod_Val=152, e_Type=1024, base_Intensity=152, variance=0, wcid=43344, num_Projectiles=1;

delete from ace_world.spell where id=5390;
insert into ace_world.spell set id=5390, name='Corrosion IV', description="Sends a bolt of corrosion towards the target. The bolt does 192 points of damage over 15 seconds.", school=5, icon_Id=100691559, category=637, bitfield=65539, mana=20, range_Constant=30, range_Mod=0.4, power=150, economy_Mod=1, formula_Version=1, component_Loss=1041865114, meta_Spell_Type=15, meta_Spell_Id=5390, spell_Formula_Comp_1_Component_Id=4, spell_Formula_Comp_2_Component_Id=70, spell_Formula_Comp_3_Component_Id=15, spell_Formula_Comp_4_Component_Id=197, spell_Formula_Comp_5_Component_Id=55, spell_Formula_Comp_6_Component_Id=0, spell_Formula_Comp_7_Component_Id=0, spell_Formula_Comp_8_Component_Id=0, caster_Effect=0, target_Effect=0, fizzle_Effect=0, recovery_Interval=0, recovery_Amount=0, display_Order=1788, non_Component_Target_Type=16, mana_Mod=0, duration=15, degrade_Modifier=0, degrade_Limit=0, portal_Lifetime=0, stat_Mod_Type=36868, stat_Mod_Key=330, stat_Mod_Val=192, e_Type=1024, base_Intensity=192, variance=0, wcid=43344, num_Projectiles=1;

delete from ace_world.spell where id=5391;
insert into ace_world.spell set id=5391, name='Corrosion V', description="Sends a bolt of corrosion towards the target. The bolt does 204 points of damage over 15 seconds.", school=5, icon_Id=100691559, category=637, bitfield=65539, mana=25, range_Constant=30, range_Mod=0.3, power=200, economy_Mod=1, formula_Version=1, component_Loss=1045220557, meta_Spell_Type=15, meta_Spell_Id=5391, spell_Formula_Comp_1_Component_Id=5, spell_Formula_Comp_2_Component_Id=70, spell_Formula_Comp_3_Component_Id=15, spell_Formula_Comp_4_Component_Id=197, spell_Formula_Comp_5_Component_Id=55, spell_Formula_Comp_6_Component_Id=0, spell_Formula_Comp_7_Component_Id=0, spell_Formula_Comp_8_Component_Id=0, caster_Effect=0, target_Effect=0, fizzle_Effect=0, recovery_Interval=0, recovery_Amount=0, display_Order=1790, non_Component_Target_Type=16, mana_Mod=0, duration=15, degrade_Modifier=0, degrade_Limit=0, portal_Lifetime=0, stat_Mod_Type=36868, stat_Mod_Key=330, stat_Mod_Val=204, e_Type=1024, base_Intensity=204, variance=0, wcid=43344, num_Projectiles=1;

delete from ace_world.spell where id=5392;
insert into ace_world.spell set id=5392, name='Corrosion VI', description="Sends a bolt of corrosion towards the target. The bolt does 288 points of damage over 15 seconds.", school=5, icon_Id=100691559, category=637, bitfield=65539, mana=30, range_Constant=30, range_Mod=0.2, power=250, economy_Mod=1, formula_Version=1, component_Loss=1050253722, meta_Spell_Type=15, meta_Spell_Id=5392, spell_Formula_Comp_1_Component_Id=6, spell_Formula_Comp_2_Component_Id=70, spell_Formula_Comp_3_Component_Id=15, spell_Formula_Comp_4_Component_Id=197, spell_Formula_Comp_5_Component_Id=55, spell_Formula_Comp_6_Component_Id=0, spell_Formula_Comp_7_Component_Id=0, spell_Formula_Comp_8_Component_Id=0, caster_Effect=0, target_Effect=0, fizzle_Effect=0, recovery_Interval=0, recovery_Amount=0, display_Order=1792, non_Component_Target_Type=16, mana_Mod=0, duration=15, degrade_Modifier=0, degrade_Limit=0, portal_Lifetime=0, stat_Mod_Type=36868, stat_Mod_Key=330, stat_Mod_Val=288, e_Type=1024, base_Intensity=288, variance=0, wcid=43344, num_Projectiles=1;

delete from ace_world.spell where id=5393;
insert into ace_world.spell set id=5393, name='Corrosion VII', description="Sends a bolt of corrosion towards the target. The bolt does 360 points of damage over 15 seconds.", school=5, icon_Id=100691559, category=637, bitfield=65539, mana=35, range_Constant=30, range_Mod=0.2, power=300, economy_Mod=1, formula_Version=1, component_Loss=1041865114, meta_Spell_Type=15, meta_Spell_Id=5393, spell_Formula_Comp_1_Component_Id=112, spell_Formula_Comp_2_Component_Id=70, spell_Formula_Comp_3_Component_Id=15, spell_Formula_Comp_4_Component_Id=197, spell_Formula_Comp_5_Component_Id=55, spell_Formula_Comp_6_Component_Id=0, spell_Formula_Comp_7_Component_Id=0, spell_Formula_Comp_8_Component_Id=0, caster_Effect=0, target_Effect=0, fizzle_Effect=0, recovery_Interval=0, recovery_Amount=0, display_Order=1793, non_Component_Target_Type=16, mana_Mod=0, duration=15, degrade_Modifier=0, degrade_Limit=0, portal_Lifetime=0, stat_Mod_Type=36868, stat_Mod_Key=330, stat_Mod_Val=360, e_Type=1024, base_Intensity=360, variance=0, wcid=43344, num_Projectiles=1;

delete from ace_world.spell where id=5394;
insert into ace_world.spell set id=5394, name='Incantation of Corrosion', description="Sends a bolt of corrosion towards the target. The bolt does 448 points of damage over 15 seconds.", school=5, icon_Id=100691559, category=637, bitfield=65539, mana=40, range_Constant=30, range_Mod=0.2, power=400, economy_Mod=1, formula_Version=1, component_Loss=1041865114, meta_Spell_Type=15, meta_Spell_Id=5394, spell_Formula_Comp_1_Component_Id=193, spell_Formula_Comp_2_Component_Id=70, spell_Formula_Comp_3_Component_Id=15, spell_Formula_Comp_4_Component_Id=197, spell_Formula_Comp_5_Component_Id=55, spell_Formula_Comp_6_Component_Id=0, spell_Formula_Comp_7_Component_Id=0, spell_Formula_Comp_8_Component_Id=0, caster_Effect=0, target_Effect=0, fizzle_Effect=0, recovery_Interval=0, recovery_Amount=0, display_Order=4668, non_Component_Target_Type=16, mana_Mod=0, duration=15, degrade_Modifier=0, degrade_Limit=0, portal_Lifetime=0, stat_Mod_Type=36868, stat_Mod_Key=330, stat_Mod_Val=448, e_Type=1024, base_Intensity=448, variance=0, wcid=43344, num_Projectiles=1;

delete from ace_world.spell where id=5395;
insert into ace_world.spell set id=5395, name='Corruption I', description="Sends 3 bolts of corruption outward from the caster. Each bolt does 56 points of damage over 30 seconds.", school=5, icon_Id=100691561, category=638, bitfield=65539, mana=10, range_Constant=30, range_Mod=0.7, power=1, economy_Mod=1, formula_Version=1, component_Loss=0, meta_Spell_Type=15, meta_Spell_Id=5395, spell_Formula_Comp_1_Component_Id=1, spell_Formula_Comp_2_Component_Id=70, spell_Formula_Comp_3_Component_Id=18, spell_Formula_Comp_4_Component_Id=197, spell_Formula_Comp_5_Component_Id=55, spell_Formula_Comp_6_Component_Id=0, spell_Formula_Comp_7_Component_Id=0, spell_Formula_Comp_8_Component_Id=0, caster_Effect=0, target_Effect=0, fizzle_Effect=0, recovery_Interval=0, recovery_Amount=0, display_Order=1808, non_Component_Target_Type=16, mana_Mod=0, duration=30, degrade_Modifier=0, degrade_Limit=0, portal_Lifetime=0, stat_Mod_Type=36868, stat_Mod_Key=330, stat_Mod_Val=56, e_Type=1024, base_Intensity=56, variance=0, wcid=43344, num_Projectiles=3, spread_Angle=90;

delete from ace_world.spell where id=5396;
insert into ace_world.spell set id=5396, name='Corruption II', description="Sends 3 bolts of corruption outward from the caster. Each bolt does 91 points of damage over 30 seconds.", school=5, icon_Id=100691561, category=638, bitfield=65539, mana=20, range_Constant=30, range_Mod=0.6, power=50, economy_Mod=1, formula_Version=1, component_Loss=1028443341, meta_Spell_Type=15, meta_Spell_Id=5396, spell_Formula_Comp_1_Component_Id=2, spell_Formula_Comp_2_Component_Id=70, spell_Formula_Comp_3_Component_Id=18, spell_Formula_Comp_4_Component_Id=197, spell_Formula_Comp_5_Component_Id=55, spell_Formula_Comp_6_Component_Id=0, spell_Formula_Comp_7_Component_Id=0, spell_Formula_Comp_8_Component_Id=0, caster_Effect=0, target_Effect=0, fizzle_Effect=0, recovery_Interval=0, recovery_Amount=0, display_Order=1810, non_Component_Target_Type=16, mana_Mod=0, duration=30, degrade_Modifier=0, degrade_Limit=0, portal_Lifetime=0, stat_Mod_Type=36868, stat_Mod_Key=330, stat_Mod_Val=91, e_Type=1024, base_Intensity=91, variance=0, wcid=43344, num_Projectiles=3, spread_Angle=90;

delete from ace_world.spell where id=5397;
insert into ace_world.spell set id=5397, name='Corruption III', description="Sends 3 bolts of corruption outward from the caster. Each bolt does 126 points of damage over 30 seconds.", school=5, icon_Id=100691561, category=638, bitfield=65539, mana=30, range_Constant=30, range_Mod=0.5, power=100, economy_Mod=1, formula_Version=1, component_Loss=1036831949, meta_Spell_Type=15, meta_Spell_Id=5397, spell_Formula_Comp_1_Component_Id=3, spell_Formula_Comp_2_Component_Id=70, spell_Formula_Comp_3_Component_Id=18, spell_Formula_Comp_4_Component_Id=197, spell_Formula_Comp_5_Component_Id=55, spell_Formula_Comp_6_Component_Id=0, spell_Formula_Comp_7_Component_Id=0, spell_Formula_Comp_8_Component_Id=0, caster_Effect=0, target_Effect=0, fizzle_Effect=0, recovery_Interval=0, recovery_Amount=0, display_Order=1812, non_Component_Target_Type=16, mana_Mod=0, duration=30, degrade_Modifier=0, degrade_Limit=0, portal_Lifetime=0, stat_Mod_Type=36868, stat_Mod_Key=330, stat_Mod_Val=126, e_Type=1024, base_Intensity=126, variance=0, wcid=43344, num_Projectiles=3, spread_Angle=90;

delete from ace_world.spell where id=5398;
insert into ace_world.spell set id=5398, name='Corruption IV', description="Sends 3 bolts of corruption outward from the caster. Each bolt does 154 points of damage over 30 seconds.", school=5, icon_Id=100691561, category=638, bitfield=65539, mana=40, range_Constant=30, range_Mod=0.4, power=150, economy_Mod=1, formula_Version=1, component_Loss=1041865114, meta_Spell_Type=15, meta_Spell_Id=5398, spell_Formula_Comp_1_Component_Id=4, spell_Formula_Comp_2_Component_Id=70, spell_Formula_Comp_3_Component_Id=18, spell_Formula_Comp_4_Component_Id=197, spell_Formula_Comp_5_Component_Id=55, spell_Formula_Comp_6_Component_Id=0, spell_Formula_Comp_7_Component_Id=0, spell_Formula_Comp_8_Component_Id=0, caster_Effect=0, target_Effect=0, fizzle_Effect=0, recovery_Interval=0, recovery_Amount=0, display_Order=1814, non_Component_Target_Type=16, mana_Mod=0, duration=30, degrade_Modifier=0, degrade_Limit=0, portal_Lifetime=0, stat_Mod_Type=36868, stat_Mod_Key=330, stat_Mod_Val=154, e_Type=1024, base_Intensity=154, variance=0, wcid=43344, num_Projectiles=3, spread_Angle=90;

delete from ace_world.spell where id=5399;
insert into ace_world.spell set id=5399, name='Corruption V', description="Sends 3 bolts of corruption outward from the caster. Each bolt does 189 points of damage over 30 seconds.", school=5, icon_Id=100691561, category=638, bitfield=65539, mana=50, range_Constant=30, range_Mod=0.3, power=200, economy_Mod=1, formula_Version=1, component_Loss=1045220557, meta_Spell_Type=15, meta_Spell_Id=5399, spell_Formula_Comp_1_Component_Id=5, spell_Formula_Comp_2_Component_Id=70, spell_Formula_Comp_3_Component_Id=18, spell_Formula_Comp_4_Component_Id=197, spell_Formula_Comp_5_Component_Id=55, spell_Formula_Comp_6_Component_Id=0, spell_Formula_Comp_7_Component_Id=0, spell_Formula_Comp_8_Component_Id=0, caster_Effect=0, target_Effect=0, fizzle_Effect=0, recovery_Interval=0, recovery_Amount=0, display_Order=1816, non_Component_Target_Type=16, mana_Mod=0, duration=30, degrade_Modifier=0, degrade_Limit=0, portal_Lifetime=0, stat_Mod_Type=36868, stat_Mod_Key=330, stat_Mod_Val=189, e_Type=1024, base_Intensity=189, variance=0, wcid=43344, num_Projectiles=3, spread_Angle=90;

delete from ace_world.spell where id=5400;
insert into ace_world.spell set id=5400, name='Corruption VI', description="Sends 3 bolts of corruption outward from the caster. Each bolt does 231 points of damage over 30 seconds.", school=5, icon_Id=100691561, category=638, bitfield=65539, mana=60, range_Constant=30, range_Mod=0.2, power=250, economy_Mod=1, formula_Version=1, component_Loss=1050253722, meta_Spell_Type=15, meta_Spell_Id=5400, spell_Formula_Comp_1_Component_Id=6, spell_Formula_Comp_2_Component_Id=70, spell_Formula_Comp_3_Component_Id=18, spell_Formula_Comp_4_Component_Id=197, spell_Formula_Comp_5_Component_Id=55, spell_Formula_Comp_6_Component_Id=0, spell_Formula_Comp_7_Component_Id=0, spell_Formula_Comp_8_Component_Id=0, caster_Effect=0, target_Effect=0, fizzle_Effect=0, recovery_Interval=0, recovery_Amount=0, display_Order=1818, non_Component_Target_Type=16, mana_Mod=0, duration=30, degrade_Modifier=0, degrade_Limit=0, portal_Lifetime=0, stat_Mod_Type=36868, stat_Mod_Key=330, stat_Mod_Val=231, e_Type=1024, base_Intensity=231, variance=0, wcid=43344, num_Projectiles=3, spread_Angle=90;

delete from ace_world.spell where id=5401;
insert into ace_world.spell set id=5401, name='Corruption VII', description="Sends 5 bolts of corruption outward from the caster. Each bolt does 294 points of damage over 30 seconds.", school=5, icon_Id=100691561, category=638, bitfield=65539, mana=70, range_Constant=30, range_Mod=0.2, power=300, economy_Mod=1, formula_Version=1, component_Loss=1041865114, meta_Spell_Type=15, meta_Spell_Id=5401, spell_Formula_Comp_1_Component_Id=112, spell_Formula_Comp_2_Component_Id=70, spell_Formula_Comp_3_Component_Id=18, spell_Formula_Comp_4_Component_Id=197, spell_Formula_Comp_5_Component_Id=55, spell_Formula_Comp_6_Component_Id=0, spell_Formula_Comp_7_Component_Id=0, spell_Formula_Comp_8_Component_Id=0, caster_Effect=0, target_Effect=0, fizzle_Effect=0, recovery_Interval=0, recovery_Amount=0, display_Order=1819, non_Component_Target_Type=16, mana_Mod=0, duration=30, degrade_Modifier=0, degrade_Limit=0, portal_Lifetime=0, stat_Mod_Type=36868, stat_Mod_Key=330, stat_Mod_Val=294, e_Type=1024, base_Intensity=294, variance=0, wcid=43344, num_Projectiles=5, spread_Angle=90;

delete from ace_world.spell where id=5402;
insert into ace_world.spell set id=5402, name='Incantation of Corruption', description="Sends 5 bolts of corruption outward from the caster. Each bolt does 357 points of damage over 30 seconds.", school=5, icon_Id=100691561, category=638, bitfield=65539, mana=80, range_Constant=30, range_Mod=0.2, power=400, economy_Mod=1, formula_Version=1, component_Loss=1041865114, meta_Spell_Type=15, meta_Spell_Id=5402, spell_Formula_Comp_1_Component_Id=193, spell_Formula_Comp_2_Component_Id=70, spell_Formula_Comp_3_Component_Id=18, spell_Formula_Comp_4_Component_Id=197, spell_Formula_Comp_5_Component_Id=55, spell_Formula_Comp_6_Component_Id=0, spell_Formula_Comp_7_Component_Id=0, spell_Formula_Comp_8_Component_Id=0, caster_Effect=0, target_Effect=0, fizzle_Effect=0, recovery_Interval=0, recovery_Amount=0, display_Order=4670, non_Component_Target_Type=16, mana_Mod=0, duration=30, degrade_Modifier=0, degrade_Limit=0, portal_Lifetime=0, stat_Mod_Type=36868, stat_Mod_Key=330, stat_Mod_Val=357, e_Type=1024, base_Intensity=357, variance=0, wcid=43344, num_Projectiles=5, spread_Angle=90;

delete from ace_world.spell where id=5339;
insert into ace_world.spell set id=5339, name='Destructive Curse I', description="The target loses 56 points of health over 30 seconds.", school=5, icon_Id=100691551, category=636, bitfield=65683, mana=10, range_Constant=10, range_Mod=0, power=25, economy_Mod=1, formula_Version=1, component_Loss=0, meta_Spell_Type=1, meta_Spell_Id=5339, spell_Formula_Comp_1_Component_Id=1, spell_Formula_Comp_2_Component_Id=70, spell_Formula_Comp_3_Component_Id=194, spell_Formula_Comp_4_Component_Id=197, spell_Formula_Comp_5_Component_Id=52, spell_Formula_Comp_6_Component_Id=0, spell_Formula_Comp_7_Component_Id=0, spell_Formula_Comp_8_Component_Id=0, caster_Effect=0, target_Effect=167, fizzle_Effect=0, recovery_Interval=0, recovery_Amount=0, display_Order=2198, non_Component_Target_Type=16, mana_Mod=0, duration=30, degrade_Modifier=0, degrade_Limit=-666, portal_Lifetime=0, stat_Mod_Type=36868, stat_Mod_Key=330, stat_Mod_Val=56, e_Type=1024, base_Intensity=56, variance=0, wcid=0, num_Projectiles=0, spread_Angle=0;

delete from ace_world.spell where id=5340;
insert into ace_world.spell set id=5340, name='Destructive Curse II', description="The target loses 91 points of health over 30 seconds.", school=5, icon_Id=100691551, category=636, bitfield=65683, mana=20, range_Constant=10, range_Mod=0, power=75, economy_Mod=1, formula_Version=1, component_Loss=1028443341, meta_Spell_Type=1, meta_Spell_Id=5340, spell_Formula_Comp_1_Component_Id=2, spell_Formula_Comp_2_Component_Id=70, spell_Formula_Comp_3_Component_Id=194, spell_Formula_Comp_4_Component_Id=197, spell_Formula_Comp_5_Component_Id=52, spell_Formula_Comp_6_Component_Id=0, spell_Formula_Comp_7_Component_Id=0, spell_Formula_Comp_8_Component_Id=0, caster_Effect=0, target_Effect=167, fizzle_Effect=0, recovery_Interval=0, recovery_Amount=0, display_Order=2200, non_Component_Target_Type=16, mana_Mod=0, duration=30, degrade_Modifier=0, degrade_Limit=-666, portal_Lifetime=0, stat_Mod_Type=36868, stat_Mod_Key=330, stat_Mod_Val=91, e_Type=1024, base_Intensity=91, variance=0, wcid=0, num_Projectiles=0, spread_Angle=0;

delete from ace_world.spell where id=5341;
insert into ace_world.spell set id=5341, name='Destructive Curse III', description="The target loses 126 points of health over 30 seconds.", school=5, icon_Id=100691551, category=636, bitfield=65683, mana=30, range_Constant=10, range_Mod=0, power=125, economy_Mod=1, formula_Version=1, component_Loss=1036831949, meta_Spell_Type=1, meta_Spell_Id=5341, spell_Formula_Comp_1_Component_Id=3, spell_Formula_Comp_2_Component_Id=70, spell_Formula_Comp_3_Component_Id=194, spell_Formula_Comp_4_Component_Id=197, spell_Formula_Comp_5_Component_Id=52, spell_Formula_Comp_6_Component_Id=0, spell_Formula_Comp_7_Component_Id=0, spell_Formula_Comp_8_Component_Id=0, caster_Effect=0, target_Effect=167, fizzle_Effect=0, recovery_Interval=0, recovery_Amount=0, display_Order=2202, non_Component_Target_Type=16, mana_Mod=0, duration=30, degrade_Modifier=0, degrade_Limit=-666, portal_Lifetime=0, stat_Mod_Type=36868, stat_Mod_Key=330, stat_Mod_Val=126, e_Type=1024, base_Intensity=126, variance=0, wcid=0, num_Projectiles=0, spread_Angle=0;

delete from ace_world.spell where id=5342;
insert into ace_world.spell set id=5342, name='Destructive Curse IV', description="The target loses 154 points of health over 30 seconds.", school=5, icon_Id=100691551, category=636, bitfield=65683, mana=40, range_Constant=10, range_Mod=0, power=175, economy_Mod=1, formula_Version=1, component_Loss=1041865114, meta_Spell_Type=1, meta_Spell_Id=5342, spell_Formula_Comp_1_Component_Id=4, spell_Formula_Comp_2_Component_Id=70, spell_Formula_Comp_3_Component_Id=194, spell_Formula_Comp_4_Component_Id=197, spell_Formula_Comp_5_Component_Id=52, spell_Formula_Comp_6_Component_Id=0, spell_Formula_Comp_7_Component_Id=0, spell_Formula_Comp_8_Component_Id=0, caster_Effect=0, target_Effect=167, fizzle_Effect=0, recovery_Interval=0, recovery_Amount=0, display_Order=2204, non_Component_Target_Type=16, mana_Mod=0, duration=30, degrade_Modifier=0, degrade_Limit=-666, portal_Lifetime=0, stat_Mod_Type=36868, stat_Mod_Key=330, stat_Mod_Val=154, e_Type=1024, base_Intensity=154, variance=0, wcid=0, num_Projectiles=0, spread_Angle=0;

delete from ace_world.spell where id=5343;
insert into ace_world.spell set id=5343, name='Destructive Curse V', description="The target loses 189 points of health over 30 seconds.", school=5, icon_Id=100691551, category=636, bitfield=65683, mana=50, range_Constant=10, range_Mod=0, power=225, economy_Mod=1, formula_Version=1, component_Loss=1045220557, meta_Spell_Type=1, meta_Spell_Id=5343, spell_Formula_Comp_1_Component_Id=5, spell_Formula_Comp_2_Component_Id=70, spell_Formula_Comp_3_Component_Id=194, spell_Formula_Comp_4_Component_Id=197, spell_Formula_Comp_5_Component_Id=52, spell_Formula_Comp_6_Component_Id=0, spell_Formula_Comp_7_Component_Id=0, spell_Formula_Comp_8_Component_Id=0, caster_Effect=0, target_Effect=167, fizzle_Effect=0, recovery_Interval=0, recovery_Amount=0, display_Order=2206, non_Component_Target_Type=16, mana_Mod=0, duration=30, degrade_Modifier=0, degrade_Limit=-666, portal_Lifetime=0, stat_Mod_Type=36868, stat_Mod_Key=330, stat_Mod_Val=189, e_Type=1024, base_Intensity=189, variance=0, wcid=0, num_Projectiles=0, spread_Angle=0;

delete from ace_world.spell where id=5344;
insert into ace_world.spell set id=5344, name='Destructive Curse VI', description="The target loses 231 points of health over 30 seconds.", school=5, icon_Id=100691551, category=636, bitfield=65683, mana=60, range_Constant=10, range_Mod=0, power=275, economy_Mod=1, formula_Version=1, component_Loss=1050253722, meta_Spell_Type=1, meta_Spell_Id=5344, spell_Formula_Comp_1_Component_Id=6, spell_Formula_Comp_2_Component_Id=70, spell_Formula_Comp_3_Component_Id=194, spell_Formula_Comp_4_Component_Id=197, spell_Formula_Comp_5_Component_Id=52, spell_Formula_Comp_6_Component_Id=0, spell_Formula_Comp_7_Component_Id=0, spell_Formula_Comp_8_Component_Id=0, caster_Effect=0, target_Effect=167, fizzle_Effect=0, recovery_Interval=0, recovery_Amount=0, display_Order=2208, non_Component_Target_Type=16, mana_Mod=0, duration=30, degrade_Modifier=0, degrade_Limit=-666, portal_Lifetime=0, stat_Mod_Type=36868, stat_Mod_Key=330, stat_Mod_Val=231, e_Type=1024, base_Intensity=231, variance=0, wcid=0, num_Projectiles=0, spread_Angle=0;

delete from ace_world.spell where id=5337;
insert into ace_world.spell set id=5337, name='Destructive Curse VII', description="The target loses 294 points of health over 30 seconds.", school=5, icon_Id=100691551, category=636, bitfield=65683, mana=70, range_Constant=10, range_Mod=0, power=325, economy_Mod=1, formula_Version=1, component_Loss=1041865114, meta_Spell_Type=1, meta_Spell_Id=5337, spell_Formula_Comp_1_Component_Id=112, spell_Formula_Comp_2_Component_Id=70, spell_Formula_Comp_3_Component_Id=194, spell_Formula_Comp_4_Component_Id=197, spell_Formula_Comp_5_Component_Id=52, spell_Formula_Comp_6_Component_Id=0, spell_Formula_Comp_7_Component_Id=0, spell_Formula_Comp_8_Component_Id=0, caster_Effect=0, target_Effect=167, fizzle_Effect=0, recovery_Interval=0, recovery_Amount=0, display_Order=2209, non_Component_Target_Type=16, mana_Mod=0, duration=30, degrade_Modifier=0, degrade_Limit=-666, portal_Lifetime=0, stat_Mod_Type=36868, stat_Mod_Key=330, stat_Mod_Val=294, e_Type=1024, base_Intensity=294, variance=0, wcid=0, num_Projectiles=0, spread_Angle=0;

delete from ace_world.spell where id=5338;
insert into ace_world.spell set id=5338, name='Incantation of Destructive Curse', description="The target loses 357 points of health over 30 seconds.", school=5, icon_Id=100691551, category=636, bitfield=65683, mana=80, range_Constant=10, range_Mod=0, power=400, economy_Mod=1, formula_Version=1, component_Loss=1041865114, meta_Spell_Type=1, meta_Spell_Id=5338, spell_Formula_Comp_1_Component_Id=193, spell_Formula_Comp_2_Component_Id=70, spell_Formula_Comp_3_Component_Id=194, spell_Formula_Comp_4_Component_Id=197, spell_Formula_Comp_5_Component_Id=52, spell_Formula_Comp_6_Component_Id=0, spell_Formula_Comp_7_Component_Id=0, spell_Formula_Comp_8_Component_Id=0, caster_Effect=0, target_Effect=167, fizzle_Effect=0, recovery_Interval=0, recovery_Amount=0, display_Order=4692, non_Component_Target_Type=16, mana_Mod=0, duration=30, degrade_Modifier=0, degrade_Limit=-666, portal_Lifetime=0, stat_Mod_Type=36868, stat_Mod_Key=330, stat_Mod_Val=357, e_Type=1024, base_Intensity=357, variance=0, wcid=0, num_Projectiles=0, spread_Angle=0;

delete from ace_world.spell where id=5371;
insert into ace_world.spell set id=5371, name='Festering Curse I', description="The heal rating of the target is decreased by 5.", school=5, icon_Id=100691552, category=643, bitfield=147, mana=10, range_Constant=20, range_Mod=0, power=25, economy_Mod=1, formula_Version=1, component_Loss=1041865114, meta_Spell_Type=1, meta_Spell_Id=5371, spell_Formula_Comp_1_Component_Id=1, spell_Formula_Comp_2_Component_Id=70, spell_Formula_Comp_3_Component_Id=196, spell_Formula_Comp_4_Component_Id=198, spell_Formula_Comp_5_Component_Id=52, spell_Formula_Comp_6_Component_Id=0, spell_Formula_Comp_7_Component_Id=0, spell_Formula_Comp_8_Component_Id=0, caster_Effect=0, target_Effect=168, fizzle_Effect=0, recovery_Interval=0, recovery_Amount=0, display_Order=3188, non_Component_Target_Type=16, mana_Mod=0, duration=30, degrade_Modifier=0, degrade_Limit=-666, portal_Lifetime=0, stat_Mod_Type=36868, stat_Mod_Key=317, stat_Mod_Val=5, e_Type=1024, base_Intensity=0, variance=0, wcid=0, num_Projectiles=0, spread_Angle=0;

delete from ace_world.spell where id=5372;
insert into ace_world.spell set id=5372, name='Festering Curse II', description="The heal rating of the target is decreased by 10.", school=5, icon_Id=100691552, category=643, bitfield=147, mana=20, range_Constant=20, range_Mod=0, power=75, economy_Mod=1, formula_Version=1, component_Loss=1041865114, meta_Spell_Type=1, meta_Spell_Id=5372, spell_Formula_Comp_1_Component_Id=2, spell_Formula_Comp_2_Component_Id=70, spell_Formula_Comp_3_Component_Id=196, spell_Formula_Comp_4_Component_Id=198, spell_Formula_Comp_5_Component_Id=52, spell_Formula_Comp_6_Component_Id=0, spell_Formula_Comp_7_Component_Id=0, spell_Formula_Comp_8_Component_Id=0, caster_Effect=0, target_Effect=168, fizzle_Effect=0, recovery_Interval=0, recovery_Amount=0, display_Order=3190, non_Component_Target_Type=16, mana_Mod=0, duration=30, degrade_Modifier=0, degrade_Limit=-666, portal_Lifetime=0, stat_Mod_Type=36868, stat_Mod_Key=317, stat_Mod_Val=10, e_Type=1024, base_Intensity=0, variance=0, wcid=0, num_Projectiles=0, spread_Angle=0;

delete from ace_world.spell where id=5373;
insert into ace_world.spell set id=5373, name='Festering Curse III', description="The heal rating of the target is decreased by 15.", school=5, icon_Id=100691552, category=643, bitfield=147, mana=30, range_Constant=20, range_Mod=0, power=125, economy_Mod=1, formula_Version=1, component_Loss=1041865114, meta_Spell_Type=1, meta_Spell_Id=5373, spell_Formula_Comp_1_Component_Id=3, spell_Formula_Comp_2_Component_Id=70, spell_Formula_Comp_3_Component_Id=196, spell_Formula_Comp_4_Component_Id=198, spell_Formula_Comp_5_Component_Id=52, spell_Formula_Comp_6_Component_Id=0, spell_Formula_Comp_7_Component_Id=0, spell_Formula_Comp_8_Component_Id=0, caster_Effect=0, target_Effect=168, fizzle_Effect=0, recovery_Interval=0, recovery_Amount=0, display_Order=3192, non_Component_Target_Type=16, mana_Mod=0, duration=30, degrade_Modifier=0, degrade_Limit=-666, portal_Lifetime=0, stat_Mod_Type=36868, stat_Mod_Key=317, stat_Mod_Val=15, e_Type=1024, base_Intensity=0, variance=0, wcid=0, num_Projectiles=0, spread_Angle=0;

delete from ace_world.spell where id=5374;
insert into ace_world.spell set id=5374, name='Festering Curse IV', description="The heal rating of the target is decreased by 20.", school=5, icon_Id=100691552, category=643, bitfield=147, mana=40, range_Constant=20, range_Mod=0, power=175, economy_Mod=1, formula_Version=1, component_Loss=1041865114, meta_Spell_Type=1, meta_Spell_Id=5374, spell_Formula_Comp_1_Component_Id=4, spell_Formula_Comp_2_Component_Id=70, spell_Formula_Comp_3_Component_Id=196, spell_Formula_Comp_4_Component_Id=198, spell_Formula_Comp_5_Component_Id=52, spell_Formula_Comp_6_Component_Id=0, spell_Formula_Comp_7_Component_Id=0, spell_Formula_Comp_8_Component_Id=0, caster_Effect=0, target_Effect=168, fizzle_Effect=0, recovery_Interval=0, recovery_Amount=0, display_Order=3194, non_Component_Target_Type=16, mana_Mod=0, duration=30, degrade_Modifier=0, degrade_Limit=-666, portal_Lifetime=0, stat_Mod_Type=36868, stat_Mod_Key=317, stat_Mod_Val=20, e_Type=1024, base_Intensity=0, variance=0, wcid=0, num_Projectiles=0, spread_Angle=0;

delete from ace_world.spell where id=5375;
insert into ace_world.spell set id=5375, name='Festering Curse V', description="The heal rating of the target is decreased by 25.", school=5, icon_Id=100691552, category=643, bitfield=147, mana=50, range_Constant=20, range_Mod=0, power=225, economy_Mod=1, formula_Version=1, component_Loss=1045220557, meta_Spell_Type=1, meta_Spell_Id=5375, spell_Formula_Comp_1_Component_Id=5, spell_Formula_Comp_2_Component_Id=70, spell_Formula_Comp_3_Component_Id=196, spell_Formula_Comp_4_Component_Id=198, spell_Formula_Comp_5_Component_Id=52, spell_Formula_Comp_6_Component_Id=0, spell_Formula_Comp_7_Component_Id=0, spell_Formula_Comp_8_Component_Id=0, caster_Effect=0, target_Effect=168, fizzle_Effect=0, recovery_Interval=0, recovery_Amount=0, display_Order=3196, non_Component_Target_Type=16, mana_Mod=0, duration=30, degrade_Modifier=0, degrade_Limit=-666, portal_Lifetime=0, stat_Mod_Type=36868, stat_Mod_Key=317, stat_Mod_Val=25, e_Type=1024, base_Intensity=0, variance=0, wcid=0, num_Projectiles=0, spread_Angle=0;

delete from ace_world.spell where id=5376;
insert into ace_world.spell set id=5376, name='Festering Curse VI', description="The heal rating of the target is decreased by 30.", school=5, icon_Id=100691552, category=643, bitfield=147, mana=60, range_Constant=20, range_Mod=0, power=275, economy_Mod=1, formula_Version=1, component_Loss=1050253722, meta_Spell_Type=1, meta_Spell_Id=5376, spell_Formula_Comp_1_Component_Id=6, spell_Formula_Comp_2_Component_Id=70, spell_Formula_Comp_3_Component_Id=196, spell_Formula_Comp_4_Component_Id=198, spell_Formula_Comp_5_Component_Id=52, spell_Formula_Comp_6_Component_Id=0, spell_Formula_Comp_7_Component_Id=0, spell_Formula_Comp_8_Component_Id=0, caster_Effect=0, target_Effect=168, fizzle_Effect=0, recovery_Interval=0, recovery_Amount=0, display_Order=3198, non_Component_Target_Type=16, mana_Mod=0, duration=30, degrade_Modifier=0, degrade_Limit=-666, portal_Lifetime=0, stat_Mod_Type=36868, stat_Mod_Key=317, stat_Mod_Val=30, e_Type=1024, base_Intensity=0, variance=0, wcid=0, num_Projectiles=0, spread_Angle=0;

delete from ace_world.spell where id=5377;
insert into ace_world.spell set id=5377, name='Festering Curse VII', description="The heal rating of the target is decreased by 35.", school=5, icon_Id=100691552, category=643, bitfield=147, mana=70, range_Constant=20, range_Mod=0, power=325, economy_Mod=1, formula_Version=1, component_Loss=1041865114, meta_Spell_Type=1, meta_Spell_Id=5377, spell_Formula_Comp_1_Component_Id=112, spell_Formula_Comp_2_Component_Id=70, spell_Formula_Comp_3_Component_Id=196, spell_Formula_Comp_4_Component_Id=198, spell_Formula_Comp_5_Component_Id=52, spell_Formula_Comp_6_Component_Id=0, spell_Formula_Comp_7_Component_Id=0, spell_Formula_Comp_8_Component_Id=0, caster_Effect=0, target_Effect=168, fizzle_Effect=0, recovery_Interval=0, recovery_Amount=0, display_Order=3199, non_Component_Target_Type=16, mana_Mod=0, duration=30, degrade_Modifier=0, degrade_Limit=-666, portal_Lifetime=0, stat_Mod_Type=36868, stat_Mod_Key=317, stat_Mod_Val=35, e_Type=1024, base_Intensity=0, variance=0, wcid=0, num_Projectiles=0, spread_Angle=0;

delete from ace_world.spell where id=5378;
insert into ace_world.spell set id=5378, name='Incantation of Festering Curse', description="The heal rating of the target is decreased by 45.", school=5, icon_Id=100691552, category=643, bitfield=147, mana=80, range_Constant=20, range_Mod=0, power=400, economy_Mod=1, formula_Version=1, component_Loss=1041865114, meta_Spell_Type=1, meta_Spell_Id=5378, spell_Formula_Comp_1_Component_Id=193, spell_Formula_Comp_2_Component_Id=70, spell_Formula_Comp_3_Component_Id=196, spell_Formula_Comp_4_Component_Id=198, spell_Formula_Comp_5_Component_Id=52, spell_Formula_Comp_6_Component_Id=0, spell_Formula_Comp_7_Component_Id=0, spell_Formula_Comp_8_Component_Id=0, caster_Effect=0, target_Effect=168, fizzle_Effect=0, recovery_Interval=0, recovery_Amount=0, display_Order=4740, non_Component_Target_Type=16, mana_Mod=0, duration=30, degrade_Modifier=0, degrade_Limit=-666, portal_Lifetime=0, stat_Mod_Type=36868, stat_Mod_Key=317, stat_Mod_Val=45, e_Type=1024, base_Intensity=0, variance=0, wcid=0, num_Projectiles=0, spread_Angle=0;

delete from ace_world.spell where id=5369;
insert into ace_world.spell set id=5369, name='Nether Arc I', description="Shoots a bolt of nether at the target. The bolt does 21-52 points of nether damage to the first thing it hits.", school=5, icon_Id=100691566, category=640, bitfield=4099, mana=5, range_Constant=30, range_Mod=0.7, power=1, economy_Mod=1, formula_Version=1, component_Loss=0, meta_Spell_Type=2, meta_Spell_Id=5369, spell_Formula_Comp_1_Component_Id=1, spell_Formula_Comp_2_Component_Id=70, spell_Formula_Comp_3_Component_Id=15, spell_Formula_Comp_4_Component_Id=198, spell_Formula_Comp_5_Component_Id=55, spell_Formula_Comp_6_Component_Id=0, spell_Formula_Comp_7_Component_Id=0, spell_Formula_Comp_8_Component_Id=0, caster_Effect=0, target_Effect=0, fizzle_Effect=0, recovery_Interval=0, recovery_Amount=0, display_Order=8008, non_Component_Target_Type=16, mana_Mod=0, duration=0, degrade_Modifier=0, degrade_Limit=0, portal_Lifetime=0, stat_Mod_Type=0, stat_Mod_Key=0, stat_Mod_Val=0, e_Type=1024, base_Intensity=21, variance=31, wcid=43232, num_Projectiles=1, spread_Angle=0;

delete from ace_world.spell where id=5362;
insert into ace_world.spell set id=5362, name='Nether Arc II', description="Shoots a bolt of nether at the target. The bolt does 42-84 points of nether damage to the first thing it hits.", school=5, icon_Id=100691566, category=640, bitfield=4099, mana=10, range_Constant=30, range_Mod=0.6, power=50, economy_Mod=1, formula_Version=1, component_Loss=1028443341, meta_Spell_Type=2, meta_Spell_Id=5362, spell_Formula_Comp_1_Component_Id=2, spell_Formula_Comp_2_Component_Id=70, spell_Formula_Comp_3_Component_Id=15, spell_Formula_Comp_4_Component_Id=198, spell_Formula_Comp_5_Component_Id=55, spell_Formula_Comp_6_Component_Id=0, spell_Formula_Comp_7_Component_Id=0, spell_Formula_Comp_8_Component_Id=0, caster_Effect=0, target_Effect=0, fizzle_Effect=0, recovery_Interval=0, recovery_Amount=0, display_Order=8010, non_Component_Target_Type=16, mana_Mod=0, duration=0, degrade_Modifier=0, degrade_Limit=0, portal_Lifetime=0, stat_Mod_Type=0, stat_Mod_Key=0, stat_Mod_Val=0, e_Type=1024, base_Intensity=42, variance=42, wcid=43232, num_Projectiles=1, spread_Angle=0;

delete from ace_world.spell where id=5363;
insert into ace_world.spell set id=5363, name='Nether Arc III', description="Shoots a bolt of nether at the target. The bolt does 63-115 points of nether damage to the first thing it hits.", school=5, icon_Id=100691566, category=640, bitfield=4099, mana=15, range_Constant=30, range_Mod=0.5, power=100, economy_Mod=1, formula_Version=1, component_Loss=1036831949, meta_Spell_Type=2, meta_Spell_Id=5363, spell_Formula_Comp_1_Component_Id=3, spell_Formula_Comp_2_Component_Id=70, spell_Formula_Comp_3_Component_Id=15, spell_Formula_Comp_4_Component_Id=198, spell_Formula_Comp_5_Component_Id=55, spell_Formula_Comp_6_Component_Id=0, spell_Formula_Comp_7_Component_Id=0, spell_Formula_Comp_8_Component_Id=0, caster_Effect=0, target_Effect=0, fizzle_Effect=0, recovery_Interval=0, recovery_Amount=0, display_Order=8012, non_Component_Target_Type=16, mana_Mod=0, duration=0, degrade_Modifier=0, degrade_Limit=0, portal_Lifetime=0, stat_Mod_Type=0, stat_Mod_Key=0, stat_Mod_Val=0, e_Type=1024, base_Intensity=63, variance=52, wcid=43232, num_Projectiles=1, spread_Angle=0;

delete from ace_world.spell where id=5364;
insert into ace_world.spell set id=5364, name='Nether Arc IV', description="Shoots a bolt of nether at the target. The bolt does 73-147 points of nether damage to the first thing it hits.", school=5, icon_Id=100691566, category=640, bitfield=4099, mana=20, range_Constant=30, range_Mod=0.4, power=150, economy_Mod=1, formula_Version=1, component_Loss=1041865114, meta_Spell_Type=2, meta_Spell_Id=5364, spell_Formula_Comp_1_Component_Id=4, spell_Formula_Comp_2_Component_Id=70, spell_Formula_Comp_3_Component_Id=15, spell_Formula_Comp_4_Component_Id=198, spell_Formula_Comp_5_Component_Id=55, spell_Formula_Comp_6_Component_Id=0, spell_Formula_Comp_7_Component_Id=0, spell_Formula_Comp_8_Component_Id=0, caster_Effect=0, target_Effect=0, fizzle_Effect=0, recovery_Interval=0, recovery_Amount=0, display_Order=8014, non_Component_Target_Type=16, mana_Mod=0, duration=0, degrade_Modifier=0, degrade_Limit=0, portal_Lifetime=0, stat_Mod_Type=0, stat_Mod_Key=0, stat_Mod_Val=0, e_Type=1024, base_Intensity=73, variance=74, wcid=43232, num_Projectiles=1, spread_Angle=0;

delete from ace_world.spell where id=5365;
insert into ace_world.spell set id=5365, name='Nether Arc V', description="Shoots a bolt of nether at the target. The bolt does 84-178 points of nether damage to the first thing it hits.", school=5, icon_Id=100691566, category=640, bitfield=4099, mana=25, range_Constant=30, range_Mod=0.3, power=200, economy_Mod=1, formula_Version=1, component_Loss=1045220557, meta_Spell_Type=2, meta_Spell_Id=5365, spell_Formula_Comp_1_Component_Id=5, spell_Formula_Comp_2_Component_Id=70, spell_Formula_Comp_3_Component_Id=15, spell_Formula_Comp_4_Component_Id=198, spell_Formula_Comp_5_Component_Id=55, spell_Formula_Comp_6_Component_Id=0, spell_Formula_Comp_7_Component_Id=0, spell_Formula_Comp_8_Component_Id=0, caster_Effect=0, target_Effect=0, fizzle_Effect=0, recovery_Interval=0, recovery_Amount=0, display_Order=8016, non_Component_Target_Type=16, mana_Mod=0, duration=0, degrade_Modifier=0, degrade_Limit=0, portal_Lifetime=0, stat_Mod_Type=0, stat_Mod_Key=0, stat_Mod_Val=0, e_Type=1024, base_Intensity=84, variance=94, wcid=43232, num_Projectiles=1, spread_Angle=0;

delete from ace_world.spell where id=5366;
insert into ace_world.spell set id=5366, name='Nether Arc VI', description="Shoots a bolt of nether at the target. The bolt does 105-210 points of nether damage to the first thing it hits.", school=5, icon_Id=100691566, category=640, bitfield=4099, mana=30, range_Constant=30, range_Mod=0.2, power=250, economy_Mod=1, formula_Version=1, component_Loss=1050253722, meta_Spell_Type=2, meta_Spell_Id=5366, spell_Formula_Comp_1_Component_Id=6, spell_Formula_Comp_2_Component_Id=70, spell_Formula_Comp_3_Component_Id=15, spell_Formula_Comp_4_Component_Id=198, spell_Formula_Comp_5_Component_Id=55, spell_Formula_Comp_6_Component_Id=0, spell_Formula_Comp_7_Component_Id=0, spell_Formula_Comp_8_Component_Id=0, caster_Effect=0, target_Effect=0, fizzle_Effect=0, recovery_Interval=0, recovery_Amount=0, display_Order=8018, non_Component_Target_Type=16, mana_Mod=0, duration=0, degrade_Modifier=0, degrade_Limit=0, portal_Lifetime=0, stat_Mod_Type=0, stat_Mod_Key=0, stat_Mod_Val=0, e_Type=1024, base_Intensity=105, variance=105, wcid=43232, num_Projectiles=1, spread_Angle=0;

delete from ace_world.spell where id=5367;
insert into ace_world.spell set id=5367, name='Nether Arc VII', description="Shoots a bolt of nether at the target. The bolt does 168-262 points of nether damage to the first thing it hits.", school=5, icon_Id=100691566, category=640, bitfield=4099, mana=35, range_Constant=30, range_Mod=0.2, power=300, economy_Mod=1, formula_Version=1, component_Loss=1041865114, meta_Spell_Type=2, meta_Spell_Id=5367, spell_Formula_Comp_1_Component_Id=112, spell_Formula_Comp_2_Component_Id=70, spell_Formula_Comp_3_Component_Id=15, spell_Formula_Comp_4_Component_Id=198, spell_Formula_Comp_5_Component_Id=55, spell_Formula_Comp_6_Component_Id=0, spell_Formula_Comp_7_Component_Id=0, spell_Formula_Comp_8_Component_Id=0, caster_Effect=0, target_Effect=0, fizzle_Effect=0, recovery_Interval=0, recovery_Amount=0, display_Order=8019, non_Component_Target_Type=16, mana_Mod=0, duration=0, degrade_Modifier=0, degrade_Limit=0, portal_Lifetime=0, stat_Mod_Type=0, stat_Mod_Key=0, stat_Mod_Val=0, e_Type=1024, base_Intensity=168, variance=94, wcid=43232, num_Projectiles=1, spread_Angle=0;

delete from ace_world.spell where id=5368;
insert into ace_world.spell set id=5368, name='Incantation of Nether Arc', description="Shoots a bolt of nether at the target. The bolt does 252-325 points of nether damage to the first thing it hits.", school=5, icon_Id=100691566, category=640, bitfield=4227, mana=40, range_Constant=30, range_Mod=0.2, power=400, economy_Mod=1, formula_Version=1, component_Loss=1041865114, meta_Spell_Type=2, meta_Spell_Id=5368, spell_Formula_Comp_1_Component_Id=193, spell_Formula_Comp_2_Component_Id=70, spell_Formula_Comp_3_Component_Id=15, spell_Formula_Comp_4_Component_Id=198, spell_Formula_Comp_5_Component_Id=55, spell_Formula_Comp_6_Component_Id=0, spell_Formula_Comp_7_Component_Id=0, spell_Formula_Comp_8_Component_Id=0, caster_Effect=0, target_Effect=0, fizzle_Effect=0, recovery_Interval=0, recovery_Amount=0, display_Order=5126, non_Component_Target_Type=16, mana_Mod=0, duration=0, degrade_Modifier=0, degrade_Limit=0, portal_Lifetime=0, stat_Mod_Type=0, stat_Mod_Key=0, stat_Mod_Val=0, e_Type=1024, base_Intensity=252, variance=73, wcid=43232, num_Projectiles=1, spread_Angle=0;

delete from ace_world.spell where id=5544;
insert into ace_world.spell set id=5544, name='Nether Blast I', description="Shoots three bolts of nether outward from the caster. Each bolt does 10-21 points of nether damage to the first thing it hits.", school=5, icon_Id=100691556, category=135, bitfield=3, mana=40, range_Constant=15, range_Mod=0.33, power=75, economy_Mod=1, formula_Version=1, component_Loss=1045220557, meta_Spell_Type=2, meta_Spell_Id=5544, spell_Formula_Comp_1_Component_Id=1, spell_Formula_Comp_2_Component_Id=70, spell_Formula_Comp_3_Component_Id=17, spell_Formula_Comp_4_Component_Id=198, spell_Formula_Comp_5_Component_Id=56, spell_Formula_Comp_6_Component_Id=0, spell_Formula_Comp_7_Component_Id=0, spell_Formula_Comp_8_Component_Id=0, caster_Effect=0, target_Effect=0, fizzle_Effect=0, recovery_Interval=0, recovery_Amount=0, display_Order=8020, non_Component_Target_Type=16, mana_Mod=0, duration=0, degrade_Modifier=0, degrade_Limit=0, portal_Lifetime=0, stat_Mod_Type=0, stat_Mod_Key=0, stat_Mod_Val=0, e_Type=1024, base_Intensity=10, variance=11, wcid=43230, num_Projectiles=3, spread_Angle=90;

delete from ace_world.spell where id=5545;
insert into ace_world.spell set id=5545, name='Nether Blast II', description="Shoots three bolts of nether outward from the caster. Each bolt does 10-21 points of nether damage to the first thing it hits.", school=5, icon_Id=100691556, category=135, bitfield=3, mana=40, range_Constant=15, range_Mod=0.33, power=75, economy_Mod=1, formula_Version=1, component_Loss=1045220557, meta_Spell_Type=2, meta_Spell_Id=5545, spell_Formula_Comp_1_Component_Id=1, spell_Formula_Comp_2_Component_Id=70, spell_Formula_Comp_3_Component_Id=17, spell_Formula_Comp_4_Component_Id=198, spell_Formula_Comp_5_Component_Id=56, spell_Formula_Comp_6_Component_Id=0, spell_Formula_Comp_7_Component_Id=0, spell_Formula_Comp_8_Component_Id=0, caster_Effect=0, target_Effect=0, fizzle_Effect=0, recovery_Interval=0, recovery_Amount=0, display_Order=8022, non_Component_Target_Type=16, mana_Mod=0, duration=0, degrade_Modifier=0, degrade_Limit=0, portal_Lifetime=0, stat_Mod_Type=0, stat_Mod_Key=0, stat_Mod_Val=0, e_Type=1024, base_Intensity=10, variance=11, wcid=43230, num_Projectiles=3, spread_Angle=90;

delete from ace_world.spell where id=5546;
insert into ace_world.spell set id=5546, name='Nether Blast III', description="Shoots three bolts of nether outward from the caster. Each bolt does 21-47 points of nether damage to the first thing it hits.", school=5, icon_Id=100691556, category=135, bitfield=3, mana=15, range_Constant=30, range_Mod=0.5, power=125, economy_Mod=1, formula_Version=1, component_Loss=1041865114, meta_Spell_Type=2, meta_Spell_Id=5546, spell_Formula_Comp_1_Component_Id=3, spell_Formula_Comp_2_Component_Id=70, spell_Formula_Comp_3_Component_Id=17, spell_Formula_Comp_4_Component_Id=198, spell_Formula_Comp_5_Component_Id=56, spell_Formula_Comp_6_Component_Id=0, spell_Formula_Comp_7_Component_Id=0, spell_Formula_Comp_8_Component_Id=0, caster_Effect=0, target_Effect=0, fizzle_Effect=0, recovery_Interval=0, recovery_Amount=0, display_Order=8024, non_Component_Target_Type=16, mana_Mod=0, duration=0, degrade_Modifier=0, degrade_Limit=0, portal_Lifetime=0, stat_Mod_Type=0, stat_Mod_Key=0, stat_Mod_Val=0, e_Type=1024, base_Intensity=21, variance=26, wcid=43230, num_Projectiles=3, spread_Angle=90;

delete from ace_world.spell where id=5547;
insert into ace_world.spell set id=5547, name='Nether Blast IV', description="Shoots three bolts of nether outward from the caster. Each bolt does 31-63 points of nether damage to the first thing it hits.", school=5, icon_Id=100691556, category=135, bitfield=3, mana=20, range_Constant=30, range_Mod=0.4, power=175, economy_Mod=1, formula_Version=1, component_Loss=1045220557, meta_Spell_Type=2, meta_Spell_Id=5547, spell_Formula_Comp_1_Component_Id=4, spell_Formula_Comp_2_Component_Id=70, spell_Formula_Comp_3_Component_Id=17, spell_Formula_Comp_4_Component_Id=198, spell_Formula_Comp_5_Component_Id=56, spell_Formula_Comp_6_Component_Id=0, spell_Formula_Comp_7_Component_Id=0, spell_Formula_Comp_8_Component_Id=0, caster_Effect=0, target_Effect=0, fizzle_Effect=0, recovery_Interval=0, recovery_Amount=0, display_Order=8026, non_Component_Target_Type=16, mana_Mod=0, duration=0, degrade_Modifier=0, degrade_Limit=0, portal_Lifetime=0, stat_Mod_Type=0, stat_Mod_Key=0, stat_Mod_Val=0, e_Type=1024, base_Intensity=31, variance=32, wcid=43230, num_Projectiles=3, spread_Angle=90;

delete from ace_world.spell where id=5548;
insert into ace_world.spell set id=5548, name='Nether Blast V', description="Shoots three bolts of nether outward from the caster. Each bolt does 36-73 points of nether damage to the first thing it hits.", school=5, icon_Id=100691556, category=135, bitfield=3, mana=25, range_Constant=30, range_Mod=0.3, power=225, economy_Mod=1, formula_Version=1, component_Loss=1050253722, meta_Spell_Type=2, meta_Spell_Id=5548, spell_Formula_Comp_1_Component_Id=5, spell_Formula_Comp_2_Component_Id=70, spell_Formula_Comp_3_Component_Id=17, spell_Formula_Comp_4_Component_Id=198, spell_Formula_Comp_5_Component_Id=56, spell_Formula_Comp_6_Component_Id=0, spell_Formula_Comp_7_Component_Id=0, spell_Formula_Comp_8_Component_Id=0, caster_Effect=0, target_Effect=0, fizzle_Effect=0, recovery_Interval=0, recovery_Amount=0, display_Order=8028, non_Component_Target_Type=16, mana_Mod=0, duration=0, degrade_Modifier=0, degrade_Limit=0, portal_Lifetime=0, stat_Mod_Type=0, stat_Mod_Key=0, stat_Mod_Val=0, e_Type=1024, base_Intensity=36, variance=37, wcid=43230, num_Projectiles=3, spread_Angle=90;

delete from ace_world.spell where id=5549;
insert into ace_world.spell set id=5549, name='Nether Blast VI', description="Shoots three bolts of nether outward from the caster. Each bolt does 42-89 points of nether damage to the first thing it hits.", school=5, icon_Id=100691556, category=135, bitfield=3, mana=30, range_Constant=30, range_Mod=0.2, power=275, economy_Mod=1, formula_Version=1, component_Loss=1053609165, meta_Spell_Type=2, meta_Spell_Id=5549, spell_Formula_Comp_1_Component_Id=6, spell_Formula_Comp_2_Component_Id=70, spell_Formula_Comp_3_Component_Id=17, spell_Formula_Comp_4_Component_Id=198, spell_Formula_Comp_5_Component_Id=56, spell_Formula_Comp_6_Component_Id=0, spell_Formula_Comp_7_Component_Id=0, spell_Formula_Comp_8_Component_Id=0, caster_Effect=0, target_Effect=0, fizzle_Effect=0, recovery_Interval=0, recovery_Amount=0, display_Order=8030, non_Component_Target_Type=16, mana_Mod=0, duration=0, degrade_Modifier=0, degrade_Limit=0, portal_Lifetime=0, stat_Mod_Type=0, stat_Mod_Key=0, stat_Mod_Val=0, e_Type=1024, base_Intensity=42, variance=47, wcid=43230, num_Projectiles=3, spread_Angle=90;

delete from ace_world.spell where id=5550;
insert into ace_world.spell set id=5550, name='Nether Blast VII', description="Shoots five bolts of nether outward from the caster. Each bolt does 78-126 points of nether damage to the first thing it hits.", school=5, icon_Id=100691556, category=135, bitfield=131, mana=35, range_Constant=30, range_Mod=0.2, power=325, economy_Mod=1, formula_Version=1, component_Loss=1041865114, meta_Spell_Type=2, meta_Spell_Id=5550, spell_Formula_Comp_1_Component_Id=112, spell_Formula_Comp_2_Component_Id=70, spell_Formula_Comp_3_Component_Id=17, spell_Formula_Comp_4_Component_Id=198, spell_Formula_Comp_5_Component_Id=56, spell_Formula_Comp_6_Component_Id=0, spell_Formula_Comp_7_Component_Id=0, spell_Formula_Comp_8_Component_Id=0, caster_Effect=0, target_Effect=0, fizzle_Effect=0, recovery_Interval=0, recovery_Amount=0, display_Order=8031, non_Component_Target_Type=16, mana_Mod=0, duration=0, degrade_Modifier=0, degrade_Limit=0, portal_Lifetime=0, stat_Mod_Type=0, stat_Mod_Key=0, stat_Mod_Val=0, e_Type=1024, base_Intensity=78, variance=48, wcid=43230, num_Projectiles=5, spread_Angle=90;

delete from ace_world.spell where id=5551;
insert into ace_world.spell set id=5551, name='Incantation of Nether Blast', description="Shoots five bolts of nether outward from the caster. Each bolt does 115-158 points of nether damage to the first thing it hits.", school=5, icon_Id=100691556, category=135, bitfield=131, mana=40, range_Constant=30, range_Mod=0.2, power=400, economy_Mod=1, formula_Version=1, component_Loss=1041865114, meta_Spell_Type=2, meta_Spell_Id=5551, spell_Formula_Comp_1_Component_Id=193, spell_Formula_Comp_2_Component_Id=70, spell_Formula_Comp_3_Component_Id=17, spell_Formula_Comp_4_Component_Id=198, spell_Formula_Comp_5_Component_Id=56, spell_Formula_Comp_6_Component_Id=0, spell_Formula_Comp_7_Component_Id=0, spell_Formula_Comp_8_Component_Id=0, caster_Effect=0, target_Effect=0, fizzle_Effect=0, recovery_Interval=0, recovery_Amount=0, display_Order=5128, non_Component_Target_Type=16, mana_Mod=0, duration=0, degrade_Modifier=0, degrade_Limit=0, portal_Lifetime=0, stat_Mod_Type=0, stat_Mod_Key=0, stat_Mod_Val=0, e_Type=1024, base_Intensity=115, variance=43, wcid=43230, num_Projectiles=5, spread_Angle=90;

delete from ace_world.spell where id=5349;
insert into ace_world.spell set id=5349, name='Nether Bolt I', description="Shoots a bolt of nether at the target. The bolt does 21-52 points of nether damage to the first thing it hits.", school=5, icon_Id=100691554, category=640, bitfield=3, mana=5, range_Constant=30, range_Mod=0.7, power=1, economy_Mod=1, formula_Version=1, component_Loss=0, meta_Spell_Type=2, meta_Spell_Id=5349, spell_Formula_Comp_1_Component_Id=1, spell_Formula_Comp_2_Component_Id=70, spell_Formula_Comp_3_Component_Id=15, spell_Formula_Comp_4_Component_Id=198, spell_Formula_Comp_5_Component_Id=55, spell_Formula_Comp_6_Component_Id=0, spell_Formula_Comp_7_Component_Id=0, spell_Formula_Comp_8_Component_Id=0, caster_Effect=0, target_Effect=0, fizzle_Effect=0, recovery_Interval=0, recovery_Amount=0, display_Order=8032, non_Component_Target_Type=16, mana_Mod=0, duration=0, degrade_Modifier=0, degrade_Limit=0, portal_Lifetime=0, stat_Mod_Type=0, stat_Mod_Key=0, stat_Mod_Val=0, e_Type=1024, base_Intensity=21, variance=31, wcid=43230, num_Projectiles=1, spread_Angle=0;

delete from ace_world.spell where id=5350;
insert into ace_world.spell set id=5350, name='Nether Bolt II', description="Shoots a bolt of nether at the target. The bolt does 42-84 points of nether damage to the first thing it hits.", school=5, icon_Id=100691554, category=640, bitfield=3, mana=10, range_Constant=30, range_Mod=0.6, power=50, economy_Mod=1, formula_Version=1, component_Loss=1028443341, meta_Spell_Type=2, meta_Spell_Id=5350, spell_Formula_Comp_1_Component_Id=2, spell_Formula_Comp_2_Component_Id=70, spell_Formula_Comp_3_Component_Id=15, spell_Formula_Comp_4_Component_Id=198, spell_Formula_Comp_5_Component_Id=55, spell_Formula_Comp_6_Component_Id=0, spell_Formula_Comp_7_Component_Id=0, spell_Formula_Comp_8_Component_Id=0, caster_Effect=0, target_Effect=0, fizzle_Effect=0, recovery_Interval=0, recovery_Amount=0, display_Order=8034, non_Component_Target_Type=16, mana_Mod=0, duration=0, degrade_Modifier=0, degrade_Limit=0, portal_Lifetime=0, stat_Mod_Type=0, stat_Mod_Key=0, stat_Mod_Val=0, e_Type=1024, base_Intensity=42, variance=42, wcid=43230, num_Projectiles=1, spread_Angle=0;

delete from ace_world.spell where id=5351;
insert into ace_world.spell set id=5351, name='Nether Bolt III', description="Shoots a bolt of nether at the target. The bolt does 63-115 points of nether damage to the first thing it hits.", school=5, icon_Id=100691554, category=640, bitfield=3, mana=15, range_Constant=30, range_Mod=0.5, power=100, economy_Mod=1, formula_Version=1, component_Loss=1036831949, meta_Spell_Type=2, meta_Spell_Id=5351, spell_Formula_Comp_1_Component_Id=3, spell_Formula_Comp_2_Component_Id=70, spell_Formula_Comp_3_Component_Id=15, spell_Formula_Comp_4_Component_Id=198, spell_Formula_Comp_5_Component_Id=55, spell_Formula_Comp_6_Component_Id=0, spell_Formula_Comp_7_Component_Id=0, spell_Formula_Comp_8_Component_Id=0, caster_Effect=0, target_Effect=0, fizzle_Effect=0, recovery_Interval=0, recovery_Amount=0, display_Order=8036, non_Component_Target_Type=16, mana_Mod=0, duration=0, degrade_Modifier=0, degrade_Limit=0, portal_Lifetime=0, stat_Mod_Type=0, stat_Mod_Key=0, stat_Mod_Val=0, e_Type=1024, base_Intensity=63, variance=52, wcid=43230, num_Projectiles=1, spread_Angle=0;

delete from ace_world.spell where id=5352;
insert into ace_world.spell set id=5352, name='Nether Bolt IV', description="Shoots a bolt of nether at the target. The bolt does 73-146 points of nether damage to the first thing it hits.", school=5, icon_Id=100691554, category=640, bitfield=3, mana=20, range_Constant=30, range_Mod=0.4, power=150, economy_Mod=1, formula_Version=1, component_Loss=1041865114, meta_Spell_Type=2, meta_Spell_Id=5352, spell_Formula_Comp_1_Component_Id=4, spell_Formula_Comp_2_Component_Id=70, spell_Formula_Comp_3_Component_Id=15, spell_Formula_Comp_4_Component_Id=198, spell_Formula_Comp_5_Component_Id=55, spell_Formula_Comp_6_Component_Id=0, spell_Formula_Comp_7_Component_Id=0, spell_Formula_Comp_8_Component_Id=0, caster_Effect=0, target_Effect=0, fizzle_Effect=0, recovery_Interval=0, recovery_Amount=0, display_Order=8038, non_Component_Target_Type=16, mana_Mod=0, duration=0, degrade_Modifier=0, degrade_Limit=0, portal_Lifetime=0, stat_Mod_Type=0, stat_Mod_Key=0, stat_Mod_Val=0, e_Type=1024, base_Intensity=73, variance=73, wcid=43230, num_Projectiles=1, spread_Angle=0;

delete from ace_world.spell where id=5353;
insert into ace_world.spell set id=5353, name='Nether Bolt V', description="Shoots a bolt of nether at the target. The bolt does 84-178 points of nether damage to the first thing it hits.", school=5, icon_Id=100691554, category=640, bitfield=3, mana=25, range_Constant=30, range_Mod=0.3, power=200, economy_Mod=1, formula_Version=1, component_Loss=1045220557, meta_Spell_Type=2, meta_Spell_Id=5353, spell_Formula_Comp_1_Component_Id=5, spell_Formula_Comp_2_Component_Id=70, spell_Formula_Comp_3_Component_Id=15, spell_Formula_Comp_4_Component_Id=198, spell_Formula_Comp_5_Component_Id=55, spell_Formula_Comp_6_Component_Id=0, spell_Formula_Comp_7_Component_Id=0, spell_Formula_Comp_8_Component_Id=0, caster_Effect=0, target_Effect=0, fizzle_Effect=0, recovery_Interval=0, recovery_Amount=0, display_Order=8040, non_Component_Target_Type=16, mana_Mod=0, duration=0, degrade_Modifier=0, degrade_Limit=0, portal_Lifetime=0, stat_Mod_Type=0, stat_Mod_Key=0, stat_Mod_Val=0, e_Type=1024, base_Intensity=84, variance=94, wcid=43230, num_Projectiles=1, spread_Angle=0;

delete from ace_world.spell where id=5354;
insert into ace_world.spell set id=5354, name='Nether Bolt VI', description="Shoots a bolt of nether at the target. The bolt does 105-210 points of nether damage to the first thing it hits.", school=5, icon_Id=100691554, category=640, bitfield=3, mana=30, range_Constant=30, range_Mod=0.2, power=250, economy_Mod=1, formula_Version=1, component_Loss=1050253722, meta_Spell_Type=2, meta_Spell_Id=5354, spell_Formula_Comp_1_Component_Id=6, spell_Formula_Comp_2_Component_Id=70, spell_Formula_Comp_3_Component_Id=15, spell_Formula_Comp_4_Component_Id=198, spell_Formula_Comp_5_Component_Id=55, spell_Formula_Comp_6_Component_Id=0, spell_Formula_Comp_7_Component_Id=0, spell_Formula_Comp_8_Component_Id=0, caster_Effect=0, target_Effect=0, fizzle_Effect=0, recovery_Interval=0, recovery_Amount=0, display_Order=8042, non_Component_Target_Type=16, mana_Mod=0, duration=0, degrade_Modifier=0, degrade_Limit=0, portal_Lifetime=0, stat_Mod_Type=0, stat_Mod_Key=0, stat_Mod_Val=0, e_Type=1024, base_Intensity=105, variance=105, wcid=43230, num_Projectiles=1, spread_Angle=0;

delete from ace_world.spell where id=5355;
insert into ace_world.spell set id=5355, name='Nether Bolt VII', description="Shoots a bolt of nether at the target. The bolt does 168-262 points of nether damage to the first thing it hits.", school=5, icon_Id=100691554, category=640, bitfield=131, mana=35, range_Constant=30, range_Mod=0.2, power=300, economy_Mod=1, formula_Version=1, component_Loss=1041865114, meta_Spell_Type=2, meta_Spell_Id=5355, spell_Formula_Comp_1_Component_Id=112, spell_Formula_Comp_2_Component_Id=70, spell_Formula_Comp_3_Component_Id=15, spell_Formula_Comp_4_Component_Id=198, spell_Formula_Comp_5_Component_Id=55, spell_Formula_Comp_6_Component_Id=0, spell_Formula_Comp_7_Component_Id=0, spell_Formula_Comp_8_Component_Id=0, caster_Effect=0, target_Effect=0, fizzle_Effect=0, recovery_Interval=0, recovery_Amount=0, display_Order=8043, non_Component_Target_Type=16, mana_Mod=0, duration=0, degrade_Modifier=0, degrade_Limit=0, portal_Lifetime=0, stat_Mod_Type=0, stat_Mod_Key=0, stat_Mod_Val=0, e_Type=1024, base_Intensity=168, variance=94, wcid=43230, num_Projectiles=1, spread_Angle=0;

delete from ace_world.spell where id=5356;
insert into ace_world.spell set id=5356, name='Incantation of Nether Bolt', description="Shoots a bolt of nether at the target. The bolt does 252-325 points of nether damage to the first thing it hits.", school=5, icon_Id=100691554, category=640, bitfield=131, mana=40, range_Constant=30, range_Mod=0.2, power=400, economy_Mod=1, formula_Version=1, component_Loss=1041865114, meta_Spell_Type=2, meta_Spell_Id=5356, spell_Formula_Comp_1_Component_Id=193, spell_Formula_Comp_2_Component_Id=70, spell_Formula_Comp_3_Component_Id=15, spell_Formula_Comp_4_Component_Id=198, spell_Formula_Comp_5_Component_Id=55, spell_Formula_Comp_6_Component_Id=0, spell_Formula_Comp_7_Component_Id=0, spell_Formula_Comp_8_Component_Id=0, caster_Effect=0, target_Effect=0, fizzle_Effect=0, recovery_Interval=0, recovery_Amount=0, display_Order=5130, non_Component_Target_Type=16, mana_Mod=0, duration=0, degrade_Modifier=0, degrade_Limit=0, portal_Lifetime=0, stat_Mod_Type=0, stat_Mod_Key=0, stat_Mod_Val=0, e_Type=1024, base_Intensity=252, variance=73, wcid=43230, num_Projectiles=1, spread_Angle=0;

delete from ace_world.spell where id=5361;
insert into ace_world.spell set id=5361, name='Clouded Soul', description="Shoots eight waves of nether outward from the caster. Each wave does 94-147 points of nether damage to the first thing it hits.", school=5, icon_Id=100691558, category=641, bitfield=3, mana=80, range_Constant=4.5, range_Mod=0, power=200, economy_Mod=1, formula_Version=2, component_Loss=1045220557, meta_Spell_Type=2, meta_Spell_Id=5361, spell_Formula_Comp_1_Component_Id=110, spell_Formula_Comp_2_Component_Id=110, spell_Formula_Comp_3_Component_Id=19, spell_Formula_Comp_4_Component_Id=67, spell_Formula_Comp_5_Component_Id=34, spell_Formula_Comp_6_Component_Id=198, spell_Formula_Comp_7_Component_Id=63, spell_Formula_Comp_8_Component_Id=58, caster_Effect=0, target_Effect=0, fizzle_Effect=0, recovery_Interval=0, recovery_Amount=0, display_Order=1582, non_Component_Target_Type=0, mana_Mod=0, duration=0, degrade_Modifier=0, degrade_Limit=0, portal_Lifetime=0, stat_Mod_Type=0, stat_Mod_Key=0, stat_Mod_Val=0, e_Type=1024, base_Intensity=94, variance=53, wcid=43233, num_Projectiles=9, spread_Angle=360;

delete from ace_world.spell where id=6195;
insert into ace_world.spell set id=6195, name='Clouded Soul II', description="Shoots eight waves of nether outward from the caster. Each wave does 109-172 points of nether damage to the first thing it hits.", school=5, icon_Id=100691558, category=641, bitfield=3, mana=90, range_Constant=4.5, range_Mod=0, power=300, economy_Mod=1, formula_Version=2, component_Loss=1045220557, meta_Spell_Type=2, meta_Spell_Id=6195, spell_Formula_Comp_1_Component_Id=112, spell_Formula_Comp_2_Component_Id=110, spell_Formula_Comp_3_Component_Id=19, spell_Formula_Comp_4_Component_Id=67, spell_Formula_Comp_5_Component_Id=34, spell_Formula_Comp_6_Component_Id=198, spell_Formula_Comp_7_Component_Id=63, spell_Formula_Comp_8_Component_Id=58, caster_Effect=0, target_Effect=0, fizzle_Effect=0, recovery_Interval=0, recovery_Amount=0, display_Order=1584, non_Component_Target_Type=0, mana_Mod=0, duration=0, degrade_Modifier=0, degrade_Limit=0, portal_Lifetime=0, stat_Mod_Type=0, stat_Mod_Key=0, stat_Mod_Val=0, e_Type=1024, base_Intensity=109, variance=63, wcid=43233, num_Projectiles=9, spread_Angle=360;

delete from ace_world.spell where id=6320;
insert into ace_world.spell set id=6320, name='Ring of Skulls II', description="Shoots eight nether skulls outward from the caster. Each skull does 109-172 points of nether damage to the first thing it hits.", school=5, icon_Id=100691558, category=641, bitfield=3, mana=90, range_Constant=4.5, range_Mod=0, power=300, economy_Mod=1, formula_Version=2, component_Loss=1045220557, meta_Spell_Type=2, meta_Spell_Id=6320, spell_Formula_Comp_1_Component_Id=112, spell_Formula_Comp_2_Component_Id=110, spell_Formula_Comp_3_Component_Id=19, spell_Formula_Comp_4_Component_Id=67, spell_Formula_Comp_5_Component_Id=34, spell_Formula_Comp_6_Component_Id=198, spell_Formula_Comp_7_Component_Id=63, spell_Formula_Comp_8_Component_Id=58, caster_Effect=0, target_Effect=0, fizzle_Effect=0, recovery_Interval=0, recovery_Amount=0, display_Order=9484, non_Component_Target_Type=0, mana_Mod=0, duration=0, degrade_Modifier=0, degrade_Limit=0, portal_Lifetime=0, stat_Mod_Type=0, stat_Mod_Key=0, stat_Mod_Val=0, e_Type=1024, base_Intensity=109, variance=63, wcid=43344, num_Projectiles=9, spread_Angle=360;

delete from ace_world.spell where id=5357;
insert into ace_world.spell set id=5357, name='Nether Streak I', description="Sends a bolt of nether streaking towards the target. The bolt does 10-27 points of nether damage to the first thing it hits.", school=5, icon_Id=100691555, category=639, bitfield=16387, mana=10, range_Constant=30, range_Mod=0.7, power=1, economy_Mod=1, formula_Version=1, component_Loss=0, meta_Spell_Type=2, meta_Spell_Id=5357, spell_Formula_Comp_1_Component_Id=1, spell_Formula_Comp_2_Component_Id=70, spell_Formula_Comp_3_Component_Id=18, spell_Formula_Comp_4_Component_Id=198, spell_Formula_Comp_5_Component_Id=55, spell_Formula_Comp_6_Component_Id=0, spell_Formula_Comp_7_Component_Id=0, spell_Formula_Comp_8_Component_Id=0, caster_Effect=0, target_Effect=0, fizzle_Effect=0, recovery_Interval=0, recovery_Amount=0, display_Order=8044, non_Component_Target_Type=16, mana_Mod=0, duration=0, degrade_Modifier=0, degrade_Limit=0, portal_Lifetime=0, stat_Mod_Type=0, stat_Mod_Key=0, stat_Mod_Val=0, e_Type=1024, base_Intensity=10, variance=17, wcid=43231, num_Projectiles=1, spread_Angle=0;

delete from ace_world.spell where id=5358;
insert into ace_world.spell set id=5358, name='Nether Streak II', description="Sends a bolt of nether streaking towards the target. The bolt does 21-42 points of nether damage to the first thing it hits.", school=5, icon_Id=100691555, category=639, bitfield=16387, mana=20, range_Constant=30, range_Mod=0.6, power=50, economy_Mod=1, formula_Version=1, component_Loss=1028443341, meta_Spell_Type=2, meta_Spell_Id=5358, spell_Formula_Comp_1_Component_Id=2, spell_Formula_Comp_2_Component_Id=70, spell_Formula_Comp_3_Component_Id=18, spell_Formula_Comp_4_Component_Id=198, spell_Formula_Comp_5_Component_Id=55, spell_Formula_Comp_6_Component_Id=0, spell_Formula_Comp_7_Component_Id=0, spell_Formula_Comp_8_Component_Id=0, caster_Effect=0, target_Effect=0, fizzle_Effect=0, recovery_Interval=0, recovery_Amount=0, display_Order=8046, non_Component_Target_Type=16, mana_Mod=0, duration=0, degrade_Modifier=0, degrade_Limit=0, portal_Lifetime=0, stat_Mod_Type=0, stat_Mod_Key=0, stat_Mod_Val=0, e_Type=1024, base_Intensity=21, variance=21, wcid=43231, num_Projectiles=1, spread_Angle=0;

delete from ace_world.spell where id=5359;
insert into ace_world.spell set id=5359, name='Nether Streak III', description="Sends a bolt of nether streaking towards the target. The bolt does 25-56 points of nether damage to the first thing it hits.", school=5, icon_Id=100691555, category=639, bitfield=16387, mana=30, range_Constant=30, range_Mod=0.5, power=100, economy_Mod=1, formula_Version=1, component_Loss=1036831949, meta_Spell_Type=2, meta_Spell_Id=5359, spell_Formula_Comp_1_Component_Id=3, spell_Formula_Comp_2_Component_Id=70, spell_Formula_Comp_3_Component_Id=18, spell_Formula_Comp_4_Component_Id=198, spell_Formula_Comp_5_Component_Id=55, spell_Formula_Comp_6_Component_Id=0, spell_Formula_Comp_7_Component_Id=0, spell_Formula_Comp_8_Component_Id=0, caster_Effect=0, target_Effect=0, fizzle_Effect=0, recovery_Interval=0, recovery_Amount=0, display_Order=8048, non_Component_Target_Type=16, mana_Mod=0, duration=0, degrade_Modifier=0, degrade_Limit=0, portal_Lifetime=0, stat_Mod_Type=0, stat_Mod_Key=0, stat_Mod_Val=0, e_Type=1024, base_Intensity=25, variance=31, wcid=43231, num_Projectiles=1, spread_Angle=0;

delete from ace_world.spell where id=5360;
insert into ace_world.spell set id=5360, name='Nether Streak IV', description="Sends a bolt of nether streaking towards the target. The bolt does 31-73 points of nether damage to the first thing it hits.", school=5, icon_Id=100691555, category=639, bitfield=16387, mana=40, range_Constant=30, range_Mod=0.4, power=150, economy_Mod=1, formula_Version=1, component_Loss=1041865114, meta_Spell_Type=2, meta_Spell_Id=5360, spell_Formula_Comp_1_Component_Id=4, spell_Formula_Comp_2_Component_Id=70, spell_Formula_Comp_3_Component_Id=18, spell_Formula_Comp_4_Component_Id=198, spell_Formula_Comp_5_Component_Id=55, spell_Formula_Comp_6_Component_Id=0, spell_Formula_Comp_7_Component_Id=0, spell_Formula_Comp_8_Component_Id=0, caster_Effect=0, target_Effect=0, fizzle_Effect=0, recovery_Interval=0, recovery_Amount=0, display_Order=8050, non_Component_Target_Type=16, mana_Mod=0, duration=0, degrade_Modifier=0, degrade_Limit=0, portal_Lifetime=0, stat_Mod_Type=0, stat_Mod_Key=0, stat_Mod_Val=0, e_Type=1024, base_Intensity=31, variance=42, wcid=43231, num_Projectiles=1, spread_Angle=0;

delete from ace_world.spell where id=5345;
insert into ace_world.spell set id=5345, name='Nether Streak V', description="Sends a bolt of nether streaking towards the target. The bolt does 35-88 points of nether damage to the first thing it hits.", school=5, icon_Id=100691555, category=639, bitfield=16387, mana=50, range_Constant=30, range_Mod=0.3, power=200, economy_Mod=1, formula_Version=1, component_Loss=1045220557, meta_Spell_Type=2, meta_Spell_Id=5345, spell_Formula_Comp_1_Component_Id=5, spell_Formula_Comp_2_Component_Id=70, spell_Formula_Comp_3_Component_Id=18, spell_Formula_Comp_4_Component_Id=198, spell_Formula_Comp_5_Component_Id=55, spell_Formula_Comp_6_Component_Id=0, spell_Formula_Comp_7_Component_Id=0, spell_Formula_Comp_8_Component_Id=0, caster_Effect=0, target_Effect=0, fizzle_Effect=0, recovery_Interval=0, recovery_Amount=0, display_Order=8052, non_Component_Target_Type=16, mana_Mod=0, duration=0, degrade_Modifier=0, degrade_Limit=0, portal_Lifetime=0, stat_Mod_Type=0, stat_Mod_Key=0, stat_Mod_Val=0, e_Type=1024, base_Intensity=35, variance=53, wcid=43231, num_Projectiles=1, spread_Angle=0;

delete from ace_world.spell where id=5346;
insert into ace_world.spell set id=5346, name='Nether Streak VI', description="Sends a bolt of nether streaking towards the target. The bolt does 42-105 points of nether damage to the first thing it hits.", school=5, icon_Id=100691555, category=639, bitfield=16387, mana=60, range_Constant=30, range_Mod=0.2, power=250, economy_Mod=1, formula_Version=1, component_Loss=1050253722, meta_Spell_Type=2, meta_Spell_Id=5346, spell_Formula_Comp_1_Component_Id=6, spell_Formula_Comp_2_Component_Id=70, spell_Formula_Comp_3_Component_Id=18, spell_Formula_Comp_4_Component_Id=198, spell_Formula_Comp_5_Component_Id=55, spell_Formula_Comp_6_Component_Id=0, spell_Formula_Comp_7_Component_Id=0, spell_Formula_Comp_8_Component_Id=0, caster_Effect=0, target_Effect=0, fizzle_Effect=0, recovery_Interval=0, recovery_Amount=0, display_Order=8054, non_Component_Target_Type=16, mana_Mod=0, duration=0, degrade_Modifier=0, degrade_Limit=0, portal_Lifetime=0, stat_Mod_Type=0, stat_Mod_Key=0, stat_Mod_Val=0, e_Type=1024, base_Intensity=42, variance=63, wcid=43231, num_Projectiles=1, spread_Angle=0;

delete from ace_world.spell where id=5347;
insert into ace_world.spell set id=5347, name='Nether Streak VII', description="Sends a bolt of nether streaking towards the target. The bolt does 84-130 points of nether damage to the first thing it hits.", school=5, icon_Id=100691555, category=639, bitfield=16515, mana=70, range_Constant=30, range_Mod=0.2, power=300, economy_Mod=1, formula_Version=1, component_Loss=1041865114, meta_Spell_Type=2, meta_Spell_Id=5347, spell_Formula_Comp_1_Component_Id=112, spell_Formula_Comp_2_Component_Id=70, spell_Formula_Comp_3_Component_Id=18, spell_Formula_Comp_4_Component_Id=198, spell_Formula_Comp_5_Component_Id=55, spell_Formula_Comp_6_Component_Id=0, spell_Formula_Comp_7_Component_Id=0, spell_Formula_Comp_8_Component_Id=0, caster_Effect=0, target_Effect=0, fizzle_Effect=0, recovery_Interval=0, recovery_Amount=0, display_Order=8055, non_Component_Target_Type=16, mana_Mod=0, duration=0, degrade_Modifier=0, degrade_Limit=0, portal_Lifetime=0, stat_Mod_Type=0, stat_Mod_Key=0, stat_Mod_Val=0, e_Type=1024, base_Intensity=84, variance=46, wcid=43231, num_Projectiles=1, spread_Angle=0;

delete from ace_world.spell where id=5348;
insert into ace_world.spell set id=5348, name='Incantation of Nether Streak', description="Sends a bolt of nether streaking towards the target. The bolt does 126-162 points of nether damage to the first thing it hits.", school=5, icon_Id=100691555, category=639, bitfield=16515, mana=80, range_Constant=30, range_Mod=0.2, power=400, economy_Mod=1, formula_Version=1, component_Loss=1041865114, meta_Spell_Type=2, meta_Spell_Id=5348, spell_Formula_Comp_1_Component_Id=193, spell_Formula_Comp_2_Component_Id=70, spell_Formula_Comp_3_Component_Id=18, spell_Formula_Comp_4_Component_Id=198, spell_Formula_Comp_5_Component_Id=55, spell_Formula_Comp_6_Component_Id=0, spell_Formula_Comp_7_Component_Id=0, spell_Formula_Comp_8_Component_Id=0, caster_Effect=0, target_Effect=0, fizzle_Effect=0, recovery_Interval=0, recovery_Amount=0, display_Order=5132, non_Component_Target_Type=16, mana_Mod=0, duration=0, degrade_Modifier=0, degrade_Limit=0, portal_Lifetime=0, stat_Mod_Type=0, stat_Mod_Key=0, stat_Mod_Val=0, e_Type=1024, base_Intensity=126, variance=36, wcid=43231, num_Projectiles=1, spread_Angle=0;

delete from ace_world.spell where id=5379;
insert into ace_world.spell set id=5379, name='Weakening Curse I', description="Decreases the target's damage rating by 1.", school=5, icon_Id=100691553, category=642, bitfield=19, mana=10, range_Constant=20, range_Mod=0, power=25, economy_Mod=1, formula_Version=1, component_Loss=0, meta_Spell_Type=1, meta_Spell_Id=5379, spell_Formula_Comp_1_Component_Id=1, spell_Formula_Comp_2_Component_Id=70, spell_Formula_Comp_3_Component_Id=195, spell_Formula_Comp_4_Component_Id=198, spell_Formula_Comp_5_Component_Id=52, spell_Formula_Comp_6_Component_Id=0, spell_Formula_Comp_7_Component_Id=0, spell_Formula_Comp_8_Component_Id=0, caster_Effect=0, target_Effect=169, fizzle_Effect=0, recovery_Interval=0, recovery_Amount=0, display_Order=11012, non_Component_Target_Type=16, mana_Mod=0, duration=15, degrade_Modifier=0, degrade_Limit=-666, portal_Lifetime=0, stat_Mod_Type=36868, stat_Mod_Key=329, stat_Mod_Val=1, e_Type=1024, base_Intensity=0, variance=0, wcid=0, num_Projectiles=0, spread_Angle=0;

delete from ace_world.spell where id=5380;
insert into ace_world.spell set id=5380, name='Weakening Curse II', description="Decreases the target's damage rating by 2.", school=5, icon_Id=100691553, category=642, bitfield=19, mana=20, range_Constant=20, range_Mod=0, power=75, economy_Mod=1, formula_Version=1, component_Loss=0, meta_Spell_Type=1, meta_Spell_Id=5380, spell_Formula_Comp_1_Component_Id=2, spell_Formula_Comp_2_Component_Id=70, spell_Formula_Comp_3_Component_Id=195, spell_Formula_Comp_4_Component_Id=198, spell_Formula_Comp_5_Component_Id=52, spell_Formula_Comp_6_Component_Id=0, spell_Formula_Comp_7_Component_Id=0, spell_Formula_Comp_8_Component_Id=0, caster_Effect=0, target_Effect=169, fizzle_Effect=0, recovery_Interval=0, recovery_Amount=0, display_Order=11014, non_Component_Target_Type=16, mana_Mod=0, duration=15, degrade_Modifier=0, degrade_Limit=-666, portal_Lifetime=0, stat_Mod_Type=36868, stat_Mod_Key=329, stat_Mod_Val=2, e_Type=1024, base_Intensity=0, variance=0, wcid=0, num_Projectiles=0, spread_Angle=0;

delete from ace_world.spell where id=5381;
insert into ace_world.spell set id=5381, name='Weakening Curse III', description="Decreases the target's damage rating by 4.", school=5, icon_Id=100691553, category=642, bitfield=19, mana=30, range_Constant=20, range_Mod=0, power=125, economy_Mod=1, formula_Version=1, component_Loss=1036831949, meta_Spell_Type=1, meta_Spell_Id=5381, spell_Formula_Comp_1_Component_Id=3, spell_Formula_Comp_2_Component_Id=70, spell_Formula_Comp_3_Component_Id=195, spell_Formula_Comp_4_Component_Id=198, spell_Formula_Comp_5_Component_Id=52, spell_Formula_Comp_6_Component_Id=0, spell_Formula_Comp_7_Component_Id=0, spell_Formula_Comp_8_Component_Id=0, caster_Effect=0, target_Effect=169, fizzle_Effect=0, recovery_Interval=0, recovery_Amount=0, display_Order=11016, non_Component_Target_Type=16, mana_Mod=0, duration=15, degrade_Modifier=0, degrade_Limit=-666, portal_Lifetime=0, stat_Mod_Type=36868, stat_Mod_Key=329, stat_Mod_Val=4, e_Type=1024, base_Intensity=0, variance=0, wcid=0, num_Projectiles=0, spread_Angle=0;

delete from ace_world.spell where id=5382;
insert into ace_world.spell set id=5382, name='Weakening Curse IV', description="Decreases the target's damage rating by 6.", school=5, icon_Id=100691553, category=642, bitfield=19, mana=40, range_Constant=20, range_Mod=0, power=175, economy_Mod=1, formula_Version=1, component_Loss=1041865114, meta_Spell_Type=1, meta_Spell_Id=5382, spell_Formula_Comp_1_Component_Id=4, spell_Formula_Comp_2_Component_Id=70, spell_Formula_Comp_3_Component_Id=195, spell_Formula_Comp_4_Component_Id=198, spell_Formula_Comp_5_Component_Id=52, spell_Formula_Comp_6_Component_Id=0, spell_Formula_Comp_7_Component_Id=0, spell_Formula_Comp_8_Component_Id=0, caster_Effect=0, target_Effect=169, fizzle_Effect=0, recovery_Interval=0, recovery_Amount=0, display_Order=11018, non_Component_Target_Type=16, mana_Mod=0, duration=15, degrade_Modifier=0, degrade_Limit=-666, portal_Lifetime=0, stat_Mod_Type=36868, stat_Mod_Key=329, stat_Mod_Val=6, e_Type=1024, base_Intensity=0, variance=0, wcid=0, num_Projectiles=0, spread_Angle=0;

delete from ace_world.spell where id=5383;
insert into ace_world.spell set id=5383, name='Weakening Curse V', description="Decreases the target's damage rating by 8.", school=5, icon_Id=100691553, category=642, bitfield=19, mana=50, range_Constant=20, range_Mod=0, power=225, economy_Mod=1, formula_Version=1, component_Loss=1045220557, meta_Spell_Type=1, meta_Spell_Id=5383, spell_Formula_Comp_1_Component_Id=5, spell_Formula_Comp_2_Component_Id=70, spell_Formula_Comp_3_Component_Id=195, spell_Formula_Comp_4_Component_Id=198, spell_Formula_Comp_5_Component_Id=52, spell_Formula_Comp_6_Component_Id=0, spell_Formula_Comp_7_Component_Id=0, spell_Formula_Comp_8_Component_Id=0, caster_Effect=0, target_Effect=169, fizzle_Effect=0, recovery_Interval=0, recovery_Amount=0, display_Order=11020, non_Component_Target_Type=16, mana_Mod=0, duration=15, degrade_Modifier=0, degrade_Limit=-666, portal_Lifetime=0, stat_Mod_Type=36868, stat_Mod_Key=329, stat_Mod_Val=8, e_Type=1024, base_Intensity=0, variance=0, wcid=0, num_Projectiles=0, spread_Angle=0;

delete from ace_world.spell where id=5384;
insert into ace_world.spell set id=5384, name='Weakening Curse VI', description="Decreases the target's damage rating by 10.", school=5, icon_Id=100691553, category=642, bitfield=19, mana=60, range_Constant=20, range_Mod=0, power=275, economy_Mod=1, formula_Version=1, component_Loss=1050253722, meta_Spell_Type=1, meta_Spell_Id=5384, spell_Formula_Comp_1_Component_Id=6, spell_Formula_Comp_2_Component_Id=70, spell_Formula_Comp_3_Component_Id=195, spell_Formula_Comp_4_Component_Id=198, spell_Formula_Comp_5_Component_Id=52, spell_Formula_Comp_6_Component_Id=0, spell_Formula_Comp_7_Component_Id=0, spell_Formula_Comp_8_Component_Id=0, caster_Effect=0, target_Effect=169, fizzle_Effect=0, recovery_Interval=0, recovery_Amount=0, display_Order=11022, non_Component_Target_Type=16, mana_Mod=0, duration=15, degrade_Modifier=0, degrade_Limit=-666, portal_Lifetime=0, stat_Mod_Type=36868, stat_Mod_Key=329, stat_Mod_Val=10, e_Type=1024, base_Intensity=0, variance=0, wcid=0, num_Projectiles=0, spread_Angle=0;

delete from ace_world.spell where id=5385;
insert into ace_world.spell set id=5385, name='Weakening Curse VII', description="Decreases the target's damage rating by 12.", school=5, icon_Id=100691553, category=642, bitfield=19, mana=70, range_Constant=20, range_Mod=0, power=325, economy_Mod=1, formula_Version=1, component_Loss=1041865114, meta_Spell_Type=1, meta_Spell_Id=5385, spell_Formula_Comp_1_Component_Id=112, spell_Formula_Comp_2_Component_Id=70, spell_Formula_Comp_3_Component_Id=195, spell_Formula_Comp_4_Component_Id=198, spell_Formula_Comp_5_Component_Id=52, spell_Formula_Comp_6_Component_Id=0, spell_Formula_Comp_7_Component_Id=0, spell_Formula_Comp_8_Component_Id=0, caster_Effect=0, target_Effect=169, fizzle_Effect=0, recovery_Interval=0, recovery_Amount=0, display_Order=11023, non_Component_Target_Type=16, mana_Mod=0, duration=15, degrade_Modifier=0, degrade_Limit=-666, portal_Lifetime=0, stat_Mod_Type=36868, stat_Mod_Key=329, stat_Mod_Val=12, e_Type=1024, base_Intensity=0, variance=0, wcid=0, num_Projectiles=0, spread_Angle=0;

delete from ace_world.spell where id=5386;
insert into ace_world.spell set id=5386, name='Incantation of Weakening Curse', description="Decreases the target's damage rating by 15.", school=5, icon_Id=100691553, category=642, bitfield=19, mana=80, range_Constant=20, range_Mod=0, power=400, economy_Mod=1, formula_Version=1, component_Loss=1041865114, meta_Spell_Type=1, meta_Spell_Id=5386, spell_Formula_Comp_1_Component_Id=193, spell_Formula_Comp_2_Component_Id=70, spell_Formula_Comp_3_Component_Id=195, spell_Formula_Comp_4_Component_Id=198, spell_Formula_Comp_5_Component_Id=52, spell_Formula_Comp_6_Component_Id=0, spell_Formula_Comp_7_Component_Id=0, spell_Formula_Comp_8_Component_Id=0, caster_Effect=0, target_Effect=169, fizzle_Effect=0, recovery_Interval=0, recovery_Amount=0, display_Order=5308, non_Component_Target_Type=16, mana_Mod=0, duration=15, degrade_Modifier=0, degrade_Limit=-666, portal_Lifetime=0, stat_Mod_Type=36868, stat_Mod_Key=329, stat_Mod_Val=15, e_Type=1024, base_Intensity=0, variance=0, wcid=0, num_Projectiles=0, spread_Angle=0;
